date,commodity,market,modal_price,arrivals,rainfall,temperature,humidity
2023-01-01,Onion,Guntur,1579,107,16.84,21.79,64.78
2023-01-01,Onion,Vijayawada,1421,61,16.84,21.79,64.78
2023-01-01,Onion,Tirupati,1719,27,16.84,21.79,64.78
2023-01-01,Onion,Anantapur,1631,49,16.84,21.79,64.78
2023-01-02,Onion,Guntur,1560,118,5.15,33.08,91.7
2023-01-02,Onion,Vijayawada,1706,48,5.15,33.08,91.7
2023-01-02,Onion,Tirupati,1735,35,5.15,33.08,91.7
2023-01-02,Onion,Anantapur,1773,38,5.15,33.08,91.7
2023-01-03,Onion,Anantapur,1590,79,6.74,23.85,68.37
2023-01-03,Onion,Tirupati,1457,72,6.74,23.85,68.37
2023-01-03,Onion,Guntur,1431,105,6.74,23.85,68.37
2023-01-03,Onion,Vijayawada,1551,38,6.74,23.85,68.37
2023-01-04,Onion,Guntur,1614,50,7.27,23.39,86.45
2023-01-04,Onion,Vijayawada,1784,42,7.27,23.39,86.45
2023-01-04,Onion,Tirupati,1743,53,7.27,23.39,86.45
2023-01-04,Onion,Anantapur,1633,114,7.27,23.39,86.45
2023-01-05,Onion,Anantapur,1775,37,2.14,22.86,80.89
2023-01-05,Onion,Guntur,1485,36,2.14,22.86,80.89
2023-01-05,Onion,Vijayawada,1622,86,2.14,22.86,80.89
2023-01-05,Onion,Tirupati,1575,87,2.14,22.86,80.89
2023-01-06,Onion,Anantapur,1787,28,6.63,28.88,60.9
2023-01-06,Onion,Tirupati,1480,106,6.63,28.88,60.9
2023-01-06,Onion,Guntur,1616,68,6.63,28.88,60.9
2023-01-06,Onion,Vijayawada,1722,23,6.63,28.88,60.9
2023-01-07,Onion,Guntur,1555,63,3.16,27.44,86.12
2023-01-07,Onion,Vijayawada,1483,31,3.16,27.44,86.12
2023-01-07,Onion,Tirupati,1621,90,3.16,27.44,86.12
2023-01-07,Onion,Anantapur,1522,42,3.16,27.44,86.12
2023-01-08,Onion,Guntur,1639,30,4.88,30.79,61.22
2023-01-08,Onion,Vijayawada,1767,94,4.88,30.79,61.22
2023-01-08,Onion,Tirupati,1640,56,4.88,30.79,61.22
2023-01-08,Onion,Anantapur,1420,30,4.88,30.79,61.22
2023-01-09,Onion,Vijayawada,1614,36,2.11,28.57,74.8
2023-01-09,Onion,Anantapur,1590,56,2.11,28.57,74.8
2023-01-09,Onion,Guntur,1745,65,2.11,28.57,74.8
2023-01-09,Onion,Tirupati,1649,23,2.11,28.57,74.8
2023-01-10,Onion,Guntur,1569,49,16.94,20.41,71.14
2023-01-10,Onion,Vijayawada,1534,93,16.94,20.41,71.14
2023-01-10,Onion,Tirupati,1779,102,16.94,20.41,71.14
2023-01-10,Onion,Anantapur,1774,24,16.94,20.41,71.14
2023-01-11,Onion,Tirupati,1725,29,10.65,32.66,65.93
2023-01-11,Onion,Guntur,1770,41,10.65,32.66,65.93
2023-01-11,Onion,Vijayawada,1567,33,10.65,32.66,65.93
2023-01-11,Onion,Anantapur,1482,27,10.65,32.66,65.93
2023-01-12,Onion,Anantapur,1784,51,4.98,26.71,76.75
2023-01-12,Onion,Tirupati,1497,103,4.98,26.71,76.75
2023-01-12,Onion,Guntur,1770,114,4.98,26.71,76.75
2023-01-12,Onion,Vijayawada,1455,30,4.98,26.71,76.75
2023-01-13,Onion,Guntur,1676,92,14.27,31.35,88.31
2023-01-13,Onion,Vijayawada,1546,47,14.27,31.35,88.31
2023-01-13,Onion,Tirupati,1799,114,14.27,31.35,88.31
2023-01-13,Onion,Anantapur,1541,93,14.27,31.35,88.31
2023-01-14,Onion,Anantapur,1737,70,11.62,27.27,92.29
2023-01-14,Onion,Guntur,1447,87,11.62,27.27,92.29
2023-01-14,Onion,Vijayawada,1614,80,11.62,27.27,92.29
2023-01-14,Onion,Tirupati,1579,115,11.62,27.27,92.29
2023-01-15,Onion,Anantapur,1549,68,1.94,21.49,68.91
2023-01-15,Onion,Tirupati,1554,108,1.94,21.49,68.91
2023-01-15,Onion,Guntur,1538,67,1.94,21.49,68.91
2023-01-15,Onion,Vijayawada,1602,74,1.94,21.49,68.91
2023-01-16,Onion,Tirupati,1536,49,6.09,25.47,74.22
2023-01-16,Onion,Guntur,1648,109,6.09,25.47,74.22
2023-01-16,Onion,Vijayawada,1656,112,6.09,25.47,74.22
2023-01-16,Onion,Anantapur,1683,24,6.09,25.47,74.22
2023-01-17,Onion,Anantapur,1530,78,1.05,28.6,69.29
2023-01-17,Onion,Tirupati,1643,22,1.05,28.6,69.29
2023-01-17,Onion,Vijayawada,1729,105,1.05,28.6,69.29
2023-01-17,Onion,Guntur,1584,75,1.05,28.6,69.29
2023-01-18,Onion,Guntur,1766,41,19.12,20.24,88.87
2023-01-18,Onion,Vijayawada,1571,100,19.12,20.24,88.87
2023-01-18,Onion,Tirupati,1409,23,19.12,20.24,88.87
2023-01-18,Onion,Anantapur,1540,48,19.12,20.24,88.87
2023-01-19,Onion,Tirupati,1569,47,19.97,33.55,77.15
2023-01-19,Onion,Anantapur,1765,116,19.97,33.55,77.15
2023-01-19,Onion,Guntur,1795,96,19.97,33.55,77.15
2023-01-19,Onion,Vijayawada,1642,119,19.97,33.55,77.15
2023-01-20,Onion,Guntur,1666,51,12.66,27.44,61.76
2023-01-20,Onion,Vijayawada,1643,81,12.66,27.44,61.76
2023-01-20,Onion,Tirupati,1689,55,12.66,27.44,61.76
2023-01-20,Onion,Anantapur,1448,20,12.66,27.44,61.76
2023-01-21,Onion,Anantapur,1632,105,13.25,29.4,86.55
2023-01-21,Onion,Guntur,1777,80,13.25,29.4,86.55
2023-01-21,Onion,Vijayawada,1646,64,13.25,29.4,86.55
2023-01-21,Onion,Tirupati,1748,116,13.25,29.4,86.55
2023-01-22,Onion,Tirupati,1774,28,13.18,34.28,81.72
2023-01-22,Onion,Anantapur,1494,62,13.18,34.28,81.72
2023-01-22,Onion,Guntur,1617,52,13.18,34.28,81.72
2023-01-22,Onion,Vijayawada,1491,48,13.18,34.28,81.72
2023-01-23,Onion,Anantapur,1570,78,13.55,31.59,80.44
2023-01-23,Onion,Tirupati,1408,31,13.55,31.59,80.44
2023-01-23,Onion,Vijayawada,1514,45,13.55,31.59,80.44
2023-01-23,Onion,Guntur,1732,43,13.55,31.59,80.44
2023-01-24,Onion,Guntur,1577,67,2.02,21.46,88.2
2023-01-24,Onion,Vijayawada,1496,21,2.02,21.46,88.2
2023-01-24,Onion,Tirupati,1580,43,2.02,21.46,88.2
2023-01-24,Onion,Anantapur,1466,29,2.02,21.46,88.2
2023-01-25,Onion,Tirupati,1438,35,13.04,30.27,93.87
2023-01-25,Onion,Anantapur,1788,50,13.04,30.27,93.87
2023-01-25,Onion,Guntur,1416,100,13.04,30.27,93.87
2023-01-25,Onion,Vijayawada,1612,28,13.04,30.27,93.87
2023-01-26,Onion,Guntur,1620,91,16.53,31.6,64.04
2023-01-26,Onion,Vijayawada,1537,63,16.53,31.6,64.04
2023-01-26,Onion,Tirupati,1547,112,16.53,31.6,64.04
2023-01-26,Onion,Anantapur,1610,118,16.53,31.6,64.04
2023-01-27,Onion,Anantapur,1590,24,11.22,28.36,82.76
2023-01-27,Onion,Guntur,1516,70,11.22,28.36,82.76
2023-01-27,Onion,Vijayawada,1595,91,11.22,28.36,82.76
2023-01-27,Onion,Tirupati,1494,38,11.22,28.36,82.76
2023-01-28,Onion,Anantapur,1606,108,19.99,20.77,65.01
2023-01-28,Onion,Tirupati,1681,29,19.99,20.77,65.01
2023-01-28,Onion,Guntur,1721,79,19.99,20.77,65.01
2023-01-28,Onion,Vijayawada,1436,65,19.99,20.77,65.01
2023-01-29,Onion,Guntur,1470,37,11.96,33.01,77.97
2023-01-29,Onion,Vijayawada,1738,41,11.96,33.01,77.97
2023-01-29,Onion,Tirupati,1783,119,11.96,33.01,77.97
2023-01-29,Onion,Anantapur,1597,61,11.96,33.01,77.97
2023-01-30,Onion,Anantapur,1798,26,9.95,26.08,70.14
2023-01-30,Onion,Guntur,1736,57,9.95,26.08,70.14
2023-01-30,Onion,Vijayawada,1402,85,9.95,26.08,70.14
2023-01-30,Onion,Tirupati,1711,50,9.95,26.08,70.14
2023-01-31,Onion,Anantapur,1678,67,15.62,20.97,76.83
2023-01-31,Onion,Tirupati,1786,72,15.62,20.97,76.83
2023-01-31,Onion,Guntur,1781,22,15.62,20.97,76.83
2023-01-31,Onion,Vijayawada,1714,68,15.62,20.97,76.83
2023-02-01,Onion,Anantapur,1524,42,9.29,28.66,71.22
2023-02-01,Onion,Guntur,1571,91,9.29,28.66,71.22
2023-02-01,Onion,Vijayawada,1487,109,9.29,28.66,71.22
2023-02-01,Onion,Tirupati,1536,78,9.29,28.66,71.22
2023-02-02,Onion,Vijayawada,1660,115,8.31,24.79,75.07
2023-02-02,Onion,Tirupati,1598,75,8.31,24.79,75.07
2023-02-02,Onion,Guntur,1582,86,8.31,24.79,75.07
2023-02-02,Onion,Anantapur,1688,28,8.31,24.79,75.07
2023-02-03,Onion,Anantapur,1495,56,1.42,28.64,78.6
2023-02-03,Onion,Tirupati,1441,114,1.42,28.64,78.6
2023-02-03,Onion,Vijayawada,1537,37,1.42,28.64,78.6
2023-02-03,Onion,Guntur,1564,34,1.42,28.64,78.6
2023-02-04,Onion,Guntur,1578,55,1.27,28.04,94.03
2023-02-04,Onion,Vijayawada,1598,57,1.27,28.04,94.03
2023-02-04,Onion,Tirupati,1600,80,1.27,28.04,94.03
2023-02-04,Onion,Anantapur,1762,35,1.27,28.04,94.03
2023-02-05,Onion,Tirupati,1756,86,5.2,31.69,90.35
2023-02-05,Onion,Anantapur,1439,31,5.2,31.69,90.35
2023-02-05,Onion,Guntur,1572,56,5.2,31.69,90.35
2023-02-05,Onion,Vijayawada,1464,62,5.2,31.69,90.35
2023-02-06,Onion,Guntur,1554,79,14.62,23.7,90.99
2023-02-06,Onion,Vijayawada,1784,27,14.62,23.7,90.99
2023-02-06,Onion,Tirupati,1756,95,14.62,23.7,90.99
2023-02-06,Onion,Anantapur,1484,20,14.62,23.7,90.99
2023-02-07,Onion,Anantapur,1463,53,18.92,27.49,61.24
2023-02-07,Onion,Guntur,1697,67,18.92,27.49,61.24
2023-02-07,Onion,Vijayawada,1767,112,18.92,27.49,61.24
2023-02-07,Onion,Tirupati,1506,86,18.92,27.49,61.24
2023-02-08,Onion,Tirupati,1481,53,0.41,27.13,92.57
2023-02-08,Onion,Anantapur,1537,61,0.41,27.13,92.57
2023-02-08,Onion,Guntur,1449,103,0.41,27.13,92.57
2023-02-08,Onion,Vijayawada,1502,27,0.41,27.13,92.57
2023-02-09,Onion,Guntur,1711,81,1.79,31.33,94.26
2023-02-09,Onion,Vijayawada,1709,75,1.79,31.33,94.26
2023-02-09,Onion,Tirupati,1750,60,1.79,31.33,94.26
2023-02-09,Onion,Anantapur,1756,119,1.79,31.33,94.26
2023-02-10,Onion,Guntur,1648,52,14.51,29.72,72.39
2023-02-10,Onion,Vijayawada,1482,82,14.51,29.72,72.39
2023-02-10,Onion,Tirupati,1745,112,14.51,29.72,72.39
2023-02-10,Onion,Anantapur,1644,63,14.51,29.72,72.39
2023-02-11,Onion,Anantapur,1556,54,11.6,30.54,67.3
2023-02-11,Onion,Tirupati,1757,71,11.6,30.54,67.3
2023-02-11,Onion,Vijayawada,1664,74,11.6,30.54,67.3
2023-02-11,Onion,Guntur,1674,53,11.6,30.54,67.3
2023-02-12,Onion,Guntur,1569,95,3.65,31.35,68.41
2023-02-12,Onion,Vijayawada,1536,21,3.65,31.35,68.41
2023-02-12,Onion,Tirupati,1554,76,3.65,31.35,68.41
2023-02-12,Onion,Anantapur,1771,44,3.65,31.35,68.41
2023-02-13,Onion,Anantapur,1577,105,2.08,32.34,80.56
2023-02-13,Onion,Guntur,1751,66,2.08,32.34,80.56
2023-02-13,Onion,Vijayawada,1764,32,2.08,32.34,80.56
2023-02-13,Onion,Tirupati,1613,38,2.08,32.34,80.56
2023-02-14,Onion,Tirupati,1730,115,0.43,26.47,63.59
2023-02-14,Onion,Anantapur,1423,29,0.43,26.47,63.59
2023-02-14,Onion,Guntur,1442,24,0.43,26.47,63.59
2023-02-14,Onion,Vijayawada,1735,99,0.43,26.47,63.59
2023-02-15,Onion,Anantapur,1668,68,10.7,24.55,70.97
2023-02-15,Onion,Tirupati,1683,56,10.7,24.55,70.97
2023-02-15,Onion,Vijayawada,1413,29,10.7,24.55,70.97
2023-02-15,Onion,Guntur,1775,92,10.7,24.55,70.97
2023-02-16,Onion,Guntur,1498,86,1.7,22.51,76.54
2023-02-16,Onion,Vijayawada,1692,68,1.7,22.51,76.54
2023-02-16,Onion,Tirupati,1687,54,1.7,22.51,76.54
2023-02-16,Onion,Anantapur,1401,92,1.7,22.51,76.54
2023-02-17,Onion,Tirupati,1563,71,10.54,27.15,82.5
2023-02-17,Onion,Anantapur,1533,84,10.54,27.15,82.5
2023-02-17,Onion,Guntur,1411,64,10.54,27.15,82.5
2023-02-17,Onion,Vijayawada,1671,40,10.54,27.15,82.5
2023-02-18,Onion,Guntur,1427,78,4.07,21.21,69.12
2023-02-18,Onion,Vijayawada,1785,59,4.07,21.21,69.12
2023-02-18,Onion,Tirupati,1619,23,4.07,21.21,69.12
2023-02-18,Onion,Anantapur,1538,111,4.07,21.21,69.12
2023-02-19,Onion,Anantapur,1415,108,5.11,23.93,62.08
2023-02-19,Onion,Guntur,1752,39,5.11,23.93,62.08
2023-02-19,Onion,Vijayawada,1639,115,5.11,23.93,62.08
2023-02-19,Onion,Tirupati,1579,53,5.11,23.93,62.08
2023-02-20,Onion,Tirupati,1560,88,17.25,24.28,90.27
2023-02-20,Onion,Anantapur,1703,32,17.25,24.28,90.27
2023-02-20,Onion,Guntur,1464,49,17.25,24.28,90.27
2023-02-20,Onion,Vijayawada,1480,33,17.25,24.28,90.27
2023-02-21,Onion,Guntur,1521,74,0.63,20.86,75.63
2023-02-21,Onion,Vijayawada,1764,102,0.63,20.86,75.63
2023-02-21,Onion,Tirupati,1659,81,0.63,20.86,75.63
2023-02-21,Onion,Anantapur,1486,22,0.63,20.86,75.63
2023-02-22,Onion,Guntur,1450,90,1.06,22.88,75.17
2023-02-22,Onion,Vijayawada,1455,29,1.06,22.88,75.17
2023-02-22,Onion,Tirupati,1797,37,1.06,22.88,75.17
2023-02-22,Onion,Anantapur,1681,118,1.06,22.88,75.17
2023-02-23,Onion,Anantapur,1426,70,10.63,27.62,77.93
2023-02-23,Onion,Tirupati,1603,96,10.63,27.62,77.93
2023-02-23,Onion,Vijayawada,1561,68,10.63,27.62,77.93
2023-02-23,Onion,Guntur,1621,116,10.63,27.62,77.93
2023-02-24,Onion,Guntur,1519,117,8.69,28.16,77.89
2023-02-24,Onion,Vijayawada,1601,82,8.69,28.16,77.89
2023-02-24,Onion,Tirupati,1491,107,8.69,28.16,77.89
2023-02-24,Onion,Anantapur,1647,43,8.69,28.16,77.89
2023-02-25,Onion,Anantapur,1659,57,12.3,32.84,66.58
2023-02-25,Onion,Guntur,1519,24,12.3,32.84,66.58
2023-02-25,Onion,Vijayawada,1506,23,12.3,32.84,66.58
2023-02-25,Onion,Tirupati,1786,65,12.3,32.84,66.58
2023-02-26,Onion,Tirupati,1512,43,2.61,27.65,60.58
2023-02-26,Onion,Anantapur,1588,48,2.61,27.65,60.58
2023-02-26,Onion,Guntur,1543,34,2.61,27.65,60.58
2023-02-26,Onion,Vijayawada,1674,115,2.61,27.65,60.58
2023-02-27,Onion,Guntur,1761,48,4.5,23.29,81.5
2023-02-27,Onion,Vijayawada,1751,67,4.5,23.29,81.5
2023-02-27,Onion,Tirupati,1415,78,4.5,23.29,81.5
2023-02-27,Onion,Anantapur,1662,75,4.5,23.29,81.5
2023-02-28,Onion,Guntur,1529,61,8.16,23.52,82.81
2023-02-28,Onion,Vijayawada,1512,115,8.16,23.52,82.81
2023-02-28,Onion,Tirupati,1436,23,8.16,23.52,82.81
2023-02-28,Onion,Anantapur,1713,84,8.16,23.52,82.81
2023-03-01,Onion,Anantapur,1748,97,1.75,32.32,80.21
2023-03-01,Onion,Tirupati,1400,115,1.75,32.32,80.21
2023-03-01,Onion,Guntur,1470,79,1.75,32.32,80.21
2023-03-01,Onion,Vijayawada,1460,83,1.75,32.32,80.21
2023-03-02,Onion,Guntur,1542,102,0.22,25.74,61.74
2023-03-02,Onion,Vijayawada,1706,47,0.22,25.74,61.74
2023-03-02,Onion,Tirupati,1775,47,0.22,25.74,61.74
2023-03-02,Onion,Anantapur,1640,105,0.22,25.74,61.74
2023-03-03,Onion,Guntur,1400,67,16.59,26.64,83.18
2023-03-03,Onion,Vijayawada,1516,21,16.59,26.64,83.18
2023-03-03,Onion,Tirupati,1729,89,16.59,26.64,83.18
2023-03-03,Onion,Anantapur,1590,32,16.59,26.64,83.18
2023-03-04,Onion,Anantapur,1406,53,9.6,34.08,69.66
2023-03-04,Onion,Tirupati,1568,40,9.6,34.08,69.66
2023-03-04,Onion,Vijayawada,1780,67,9.6,34.08,69.66
2023-03-04,Onion,Guntur,1492,111,9.6,34.08,69.66
2023-03-05,Onion,Guntur,1561,21,12.18,24.48,62.15
2023-03-05,Onion,Vijayawada,1508,85,12.18,24.48,62.15
2023-03-05,Onion,Tirupati,1541,35,12.18,24.48,62.15
2023-03-05,Onion,Anantapur,1791,62,12.18,24.48,62.15
2023-03-06,Onion,Guntur,1621,89,18.11,33.86,83.56
2023-03-06,Onion,Vijayawada,1478,93,18.11,33.86,83.56
2023-03-06,Onion,Tirupati,1418,34,18.11,33.86,83.56
2023-03-06,Onion,Anantapur,1508,92,18.11,33.86,83.56
2023-03-07,Onion,Tirupati,1620,67,15.89,26.97,88.67
2023-03-07,Onion,Anantapur,1444,20,15.89,26.97,88.67
2023-03-07,Onion,Vijayawada,1400,73,15.89,26.97,88.67
2023-03-07,Onion,Guntur,1500,57,15.89,26.97,88.67
2023-03-08,Onion,Guntur,1728,70,16.53,21.77,94.55
2023-03-08,Onion,Vijayawada,1708,83,16.53,21.77,94.55
2023-03-08,Onion,Tirupati,1514,84,16.53,21.77,94.55
2023-03-08,Onion,Anantapur,1768,111,16.53,21.77,94.55
2023-03-09,Onion,Guntur,1655,45,19.59,22.97,63.26
2023-03-09,Onion,Vijayawada,1560,56,19.59,22.97,63.26
2023-03-09,Onion,Tirupati,1537,54,19.59,22.97,63.26
2023-03-09,Onion,Anantapur,1600,86,19.59,22.97,63.26
2023-03-10,Onion,Anantapur,1684,79,18.39,30.56,91.87
2023-03-10,Onion,Vijayawada,1646,54,18.39,30.56,91.87
2023-03-10,Onion,Guntur,1756,80,18.39,30.56,91.87
2023-03-10,Onion,Tirupati,1784,48,18.39,30.56,91.87
2023-03-11,Onion,Guntur,1429,110,0.9,21.27,77.57
2023-03-11,Onion,Vijayawada,1497,20,0.9,21.27,77.57
2023-03-11,Onion,Tirupati,1688,95,0.9,21.27,77.57
2023-03-11,Onion,Anantapur,1787,44,0.9,21.27,77.57
2023-03-12,Onion,Anantapur,1455,25,5.53,30.02,94.12
2023-03-12,Onion,Guntur,1567,105,5.53,30.02,94.12
2023-03-12,Onion,Vijayawada,1669,118,5.53,30.02,94.12
2023-03-12,Onion,Tirupati,1584,29,5.53,30.02,94.12
2023-03-13,Onion,Anantapur,1412,86,7.82,29.01,80.24
2023-03-13,Onion,Tirupati,1403,30,7.82,29.01,80.24
2023-03-13,Onion,Guntur,1452,118,7.82,29.01,80.24
2023-03-13,Onion,Vijayawada,1726,78,7.82,29.01,80.24
2023-03-14,Onion,Anantapur,1732,69,2.04,33.77,87.66
2023-03-14,Onion,Guntur,1738,41,2.04,33.77,87.66
2023-03-14,Onion,Vijayawada,1455,28,2.04,33.77,87.66
2023-03-14,Onion,Tirupati,1673,79,2.04,33.77,87.66
2023-03-15,Onion,Tirupati,1587,50,13.43,25.11,78.77
2023-03-15,Onion,Anantapur,1570,57,13.43,25.11,78.77
2023-03-15,Onion,Guntur,1672,33,13.43,25.11,78.77
2023-03-15,Onion,Vijayawada,1730,32,13.43,25.11,78.77
2023-03-16,Onion,Anantapur,1516,64,14.4,23.1,82.67
2023-03-16,Onion,Tirupati,1617,61,14.4,23.1,82.67
2023-03-16,Onion,Guntur,1643,60,14.4,23.1,82.67
2023-03-16,Onion,Vijayawada,1682,67,14.4,23.1,82.67
2023-03-17,Onion,Guntur,1788,43,16.0,24.01,85.09
2023-03-17,Onion,Vijayawada,1719,116,16.0,24.01,85.09
2023-03-17,Onion,Tirupati,1497,96,16.0,24.01,85.09
2023-03-17,Onion,Anantapur,1758,92,16.0,24.01,85.09
2023-03-18,Onion,Anantapur,1641,102,11.46,22.35,63.44
2023-03-18,Onion,Guntur,1711,31,11.46,22.35,63.44
2023-03-18,Onion,Vijayawada,1644,58,11.46,22.35,63.44
2023-03-18,Onion,Tirupati,1642,87,11.46,22.35,63.44
2023-03-19,Onion,Guntur,1647,35,0.86,29.82,73.22
2023-03-19,Onion,Vijayawada,1776,82,0.86,29.82,73.22
2023-03-19,Onion,Tirupati,1539,108,0.86,29.82,73.22
2023-03-19,Onion,Anantapur,1657,29,0.86,29.82,73.22
2023-03-20,Onion,Vijayawada,1598,93,4.63,22.7,64.57
2023-03-20,Onion,Tirupati,1773,33,4.63,22.7,64.57
2023-03-20,Onion,Guntur,1514,73,4.63,22.7,64.57
2023-03-20,Onion,Anantapur,1426,58,4.63,22.7,64.57
2023-03-21,Onion,Anantapur,1562,29,5.26,26.27,75.61
2023-03-21,Onion,Tirupati,1601,78,5.26,26.27,75.61
2023-03-21,Onion,Vijayawada,1760,91,5.26,26.27,75.61
2023-03-21,Onion,Guntur,1531,112,5.26,26.27,75.61
2023-03-22,Onion,Guntur,1575,71,2.99,33.64,76.49
2023-03-22,Onion,Vijayawada,1445,24,2.99,33.64,76.49
2023-03-22,Onion,Tirupati,1409,112,2.99,33.64,76.49
2023-03-22,Onion,Anantapur,1512,91,2.99,33.64,76.49
2023-03-23,Onion,Tirupati,1615,68,18.06,27.25,91.55
2023-03-23,Onion,Anantapur,1740,95,18.06,27.25,91.55
2023-03-23,Onion,Guntur,1557,44,18.06,27.25,91.55
2023-03-23,Onion,Vijayawada,1728,118,18.06,27.25,91.55
2023-03-24,Onion,Guntur,1493,35,9.45,31.04,78.01
2023-03-24,Onion,Vijayawada,1455,50,9.45,31.04,78.01
2023-03-24,Onion,Tirupati,1658,32,9.45,31.04,78.01
2023-03-24,Onion,Anantapur,1772,20,9.45,31.04,78.01
2023-03-25,Onion,Anantapur,1601,105,15.31,23.63,67.85
2023-03-25,Onion,Guntur,1549,46,15.31,23.63,67.85
2023-03-25,Onion,Vijayawada,1683,39,15.31,23.63,67.85
2023-03-25,Onion,Tirupati,1469,63,15.31,23.63,67.85
2023-03-26,Onion,Tirupati,1418,68,12.94,30.1,79.29
2023-03-26,Onion,Anantapur,1433,90,12.94,30.1,79.29
2023-03-26,Onion,Guntur,1714,63,12.94,30.1,79.29
2023-03-26,Onion,Vijayawada,1739,98,12.94,30.1,79.29
2023-03-27,Onion,Guntur,1483,77,2.03,20.64,76.92
2023-03-27,Onion,Vijayawada,1463,72,2.03,20.64,76.92
2023-03-27,Onion,Tirupati,1626,67,2.03,20.64,76.92
2023-03-27,Onion,Anantapur,1481,93,2.03,20.64,76.92
2023-03-28,Onion,Guntur,1543,26,12.43,24.01,85.94
2023-03-28,Onion,Vijayawada,1736,64,12.43,24.01,85.94
2023-03-28,Onion,Tirupati,1491,65,12.43,24.01,85.94
2023-03-28,Onion,Anantapur,1693,108,12.43,24.01,85.94
2023-03-29,Onion,Anantapur,1697,28,10.95,30.01,65.97
2023-03-29,Onion,Tirupati,1487,117,10.95,30.01,65.97
2023-03-29,Onion,Vijayawada,1482,86,10.95,30.01,65.97
2023-03-29,Onion,Guntur,1400,94,10.95,30.01,65.97
2023-03-30,Onion,Guntur,1660,25,3.78,27.38,83.58
2023-03-30,Onion,Vijayawada,1411,38,3.78,27.38,83.58
2023-03-30,Onion,Tirupati,1474,54,3.78,27.38,83.58
2023-03-30,Onion,Anantapur,1556,83,3.78,27.38,83.58
2023-03-31,Onion,Anantapur,1640,87,3.29,27.86,71.06
2023-03-31,Onion,Guntur,1587,30,3.29,27.86,71.06
2023-03-31,Onion,Vijayawada,1772,85,3.29,27.86,71.06
2023-03-31,Onion,Tirupati,1768,30,3.29,27.86,71.06
2023-04-01,Onion,Vijayawada,1773,116,15.97,34.46,79.19
2023-04-01,Onion,Tirupati,1702,35,15.97,34.46,79.19
2023-04-01,Onion,Guntur,1619,40,15.97,34.46,79.19
2023-04-01,Onion,Anantapur,1407,110,15.97,34.46,79.19
2023-04-02,Onion,Anantapur,1663,96,0.32,30.2,61.08
2023-04-02,Onion,Tirupati,1486,29,0.32,30.2,61.08
2023-04-02,Onion,Guntur,1790,30,0.32,30.2,61.08
2023-04-02,Onion,Vijayawada,1553,44,0.32,30.2,61.08
2023-04-03,Onion,Guntur,1565,43,6.84,24.76,71.31
2023-04-03,Onion,Vijayawada,1738,100,6.84,24.76,71.31
2023-04-03,Onion,Tirupati,1643,55,6.84,24.76,71.31
2023-04-03,Onion,Anantapur,1506,88,6.84,24.76,71.31
2023-04-04,Onion,Tirupati,1575,97,7.6,33.99,81.32
2023-04-04,Onion,Anantapur,1795,49,7.6,33.99,81.32
2023-04-04,Onion,Guntur,1564,38,7.6,33.99,81.32
2023-04-04,Onion,Vijayawada,1511,118,7.6,33.99,81.32
2023-04-05,Onion,Guntur,1517,114,16.05,25.08,77.83
2023-04-05,Onion,Vijayawada,1729,91,16.05,25.08,77.83
2023-04-05,Onion,Tirupati,1654,55,16.05,25.08,77.83
2023-04-05,Onion,Anantapur,1402,90,16.05,25.08,77.83
2023-04-06,Onion,Anantapur,1544,104,0.97,20.88,61.03
2023-04-06,Onion,Guntur,1456,49,0.97,20.88,61.03
2023-04-06,Onion,Vijayawada,1735,83,0.97,20.88,61.03
2023-04-06,Onion,Tirupati,1655,53,0.97,20.88,61.03
2023-04-07,Onion,Tirupati,1542,72,16.11,26.44,79.69
2023-04-07,Onion,Anantapur,1506,93,16.11,26.44,79.69
2023-04-07,Onion,Guntur,1430,25,16.11,26.44,79.69
2023-04-07,Onion,Vijayawada,1586,46,16.11,26.44,79.69
2023-04-08,Onion,Guntur,1467,114,17.04,26.41,83.92
2023-04-08,Onion,Vijayawada,1648,27,17.04,26.41,83.92
2023-04-08,Onion,Tirupati,1404,118,17.04,26.41,83.92
2023-04-08,Onion,Anantapur,1600,56,17.04,26.41,83.92
2023-04-09,Onion,Guntur,1707,89,10.24,20.14,80.86
2023-04-09,Onion,Vijayawada,1666,88,10.24,20.14,80.86
2023-04-09,Onion,Tirupati,1513,102,10.24,20.14,80.86
2023-04-09,Onion,Anantapur,1588,27,10.24,20.14,80.86
2023-04-10,Onion,Anantapur,1739,109,9.65,29.34,83.49
2023-04-10,Onion,Tirupati,1436,110,9.65,29.34,83.49
2023-04-10,Onion,Vijayawada,1530,29,9.65,29.34,83.49
2023-04-10,Onion,Guntur,1416,43,9.65,29.34,83.49
2023-04-11,Onion,Guntur,1474,84,19.02,28.92,91.89
2023-04-11,Onion,Vijayawada,1647,92,19.02,28.92,91.89
2023-04-11,Onion,Tirupati,1617,69,19.02,28.92,91.89
2023-04-11,Onion,Anantapur,1659,56,19.02,28.92,91.89
2023-04-12,Onion,Anantapur,1570,59,1.65,33.49,94.2
2023-04-12,Onion,Guntur,1586,21,1.65,33.49,94.2
2023-04-12,Onion,Vijayawada,1675,42,1.65,33.49,94.2
2023-04-12,Onion,Tirupati,1592,58,1.65,33.49,94.2
2023-04-13,Onion,Tirupati,1623,89,6.84,23.49,72.6
2023-04-13,Onion,Anantapur,1711,76,6.84,23.49,72.6
2023-04-13,Onion,Guntur,1473,81,6.84,23.49,72.6
2023-04-13,Onion,Vijayawada,1727,110,6.84,23.49,72.6
2023-04-14,Onion,Guntur,1504,110,14.95,32.44,79.49
2023-04-14,Onion,Vijayawada,1418,108,14.95,32.44,79.49
2023-04-14,Onion,Tirupati,1721,75,14.95,32.44,79.49
2023-04-14,Onion,Anantapur,1669,54,14.95,32.44,79.49
2023-04-15,Onion,Guntur,1721,35,19.15,25.65,93.97
2023-04-15,Onion,Vijayawada,1667,114,19.15,25.65,93.97
2023-04-15,Onion,Tirupati,1515,107,19.15,25.65,93.97
2023-04-15,Onion,Anantapur,1582,115,19.15,25.65,93.97
2023-04-16,Onion,Anantapur,1475,86,2.85,20.99,64.33
2023-04-16,Onion,Tirupati,1779,103,2.85,20.99,64.33
2023-04-16,Onion,Guntur,1617,55,2.85,20.99,64.33
2023-04-16,Onion,Vijayawada,1671,55,2.85,20.99,64.33
2023-04-17,Onion,Guntur,1423,89,12.03,34.25,62.5
2023-04-17,Onion,Vijayawada,1462,75,12.03,34.25,62.5
2023-04-17,Onion,Tirupati,1711,36,12.03,34.25,62.5
2023-04-17,Onion,Anantapur,1433,62,12.03,34.25,62.5
2023-04-18,Onion,Guntur,1657,21,7.24,23.14,63.56
2023-04-18,Onion,Vijayawada,1625,61,7.24,23.14,63.56
2023-04-18,Onion,Tirupati,1576,23,7.24,23.14,63.56
2023-04-18,Onion,Anantapur,1651,29,7.24,23.14,63.56
2023-04-19,Onion,Anantapur,1785,22,17.35,22.54,70.32
2023-04-19,Onion,Tirupati,1738,60,17.35,22.54,70.32
2023-04-19,Onion,Vijayawada,1647,83,17.35,22.54,70.32
2023-04-19,Onion,Guntur,1688,33,17.35,22.54,70.32
2023-04-20,Onion,Guntur,1611,52,7.0,20.8,70.47
2023-04-20,Onion,Vijayawada,1563,83,7.0,20.8,70.47
2023-04-20,Onion,Tirupati,1540,52,7.0,20.8,70.47
2023-04-20,Onion,Anantapur,1551,81,7.0,20.8,70.47
2023-04-21,Onion,Anantapur,1491,80,3.78,32.13,68.18
2023-04-21,Onion,Guntur,1709,93,3.78,32.13,68.18
2023-04-21,Onion,Vijayawada,1702,109,3.78,32.13,68.18
2023-04-21,Onion,Tirupati,1501,105,3.78,32.13,68.18
2023-04-22,Onion,Anantapur,1617,48,19.63,29.77,60.32
2023-04-22,Onion,Tirupati,1541,54,19.63,29.77,60.32
2023-04-22,Onion,Vijayawada,1497,79,19.63,29.77,60.32
2023-04-22,Onion,Guntur,1573,47,19.63,29.77,60.32
2023-04-23,Onion,Anantapur,1478,84,17.8,30.56,73.99
2023-04-23,Onion,Guntur,1407,98,17.8,30.56,73.99
2023-04-23,Onion,Vijayawada,1454,28,17.8,30.56,73.99
2023-04-23,Onion,Tirupati,1509,40,17.8,30.56,73.99
2023-04-24,Onion,Tirupati,1414,85,17.6,24.58,71.64
2023-04-24,Onion,Anantapur,1752,22,17.6,24.58,71.64
2023-04-24,Onion,Guntur,1484,38,17.6,24.58,71.64
2023-04-24,Onion,Vijayawada,1622,81,17.6,24.58,71.64
2023-04-25,Onion,Anantapur,1483,90,11.56,26.43,91.12
2023-04-25,Onion,Tirupati,1624,28,11.56,26.43,91.12
2023-04-25,Onion,Guntur,1536,54,11.56,26.43,91.12
2023-04-25,Onion,Vijayawada,1566,39,11.56,26.43,91.12
2023-04-26,Onion,Guntur,1727,45,19.87,22.43,66.08
2023-04-26,Onion,Vijayawada,1766,24,19.87,22.43,66.08
2023-04-26,Onion,Tirupati,1731,22,19.87,22.43,66.08
2023-04-26,Onion,Anantapur,1631,94,19.87,22.43,66.08
2023-04-27,Onion,Guntur,1419,25,3.94,27.4,87.14
2023-04-27,Onion,Vijayawada,1617,74,3.94,27.4,87.14
2023-04-27,Onion,Tirupati,1458,115,3.94,27.4,87.14
2023-04-27,Onion,Anantapur,1611,28,3.94,27.4,87.14
2023-04-28,Onion,Anantapur,1741,29,3.85,25.59,93.57
2023-04-28,Onion,Tirupati,1648,94,3.85,25.59,93.57
2023-04-28,Onion,Guntur,1707,38,3.85,25.59,93.57
2023-04-28,Onion,Vijayawada,1486,44,3.85,25.59,93.57
2023-04-29,Onion,Anantapur,1504,84,12.64,30.58,93.27
2023-04-29,Onion,Guntur,1717,81,12.64,30.58,93.27
2023-04-29,Onion,Vijayawada,1501,41,12.64,30.58,93.27
2023-04-29,Onion,Tirupati,1721,84,12.64,30.58,93.27
2023-04-30,Onion,Tirupati,1638,101,5.83,32.7,89.77
2023-04-30,Onion,Anantapur,1660,100,5.83,32.7,89.77
2023-04-30,Onion,Guntur,1442,103,5.83,32.7,89.77
2023-04-30,Onion,Vijayawada,1424,99,5.83,32.7,89.77
2023-05-01,Onion,Anantapur,1449,109,7.81,23.42,66.6
2023-05-01,Onion,Tirupati,1600,96,7.81,23.42,66.6
2023-05-01,Onion,Guntur,1758,54,7.81,23.42,66.6
2023-05-01,Onion,Vijayawada,1614,55,7.81,23.42,66.6
2023-05-02,Onion,Guntur,1735,36,15.32,30.76,83.4
2023-05-02,Onion,Vijayawada,1507,101,15.32,30.76,83.4
2023-05-02,Onion,Tirupati,1723,54,15.32,30.76,83.4
2023-05-02,Onion,Anantapur,1529,29,15.32,30.76,83.4
2023-05-03,Onion,Vijayawada,1507,38,2.3,22.75,61.3
2023-05-03,Onion,Guntur,1525,80,2.3,22.75,61.3
2023-05-03,Onion,Tirupati,1459,106,2.3,22.75,61.3
2023-05-03,Onion,Anantapur,1751,117,2.3,22.75,61.3
2023-05-04,Onion,Anantapur,1602,73,9.79,31.48,90.4
2023-05-04,Onion,Tirupati,1667,66,9.79,31.48,90.4
2023-05-04,Onion,Guntur,1449,99,9.79,31.48,90.4
2023-05-04,Onion,Vijayawada,1453,59,9.79,31.48,90.4
2023-05-05,Onion,Guntur,1776,37,16.29,23.78,64.29
2023-05-05,Onion,Vijayawada,1739,34,16.29,23.78,64.29
2023-05-05,Onion,Tirupati,1520,107,16.29,23.78,64.29
2023-05-05,Onion,Anantapur,1431,107,16.29,23.78,64.29
2023-05-06,Onion,Tirupati,1518,95,15.03,24.96,91.7
2023-05-06,Onion,Anantapur,1489,78,15.03,24.96,91.7
2023-05-06,Onion,Vijayawada,1686,115,15.03,24.96,91.7
2023-05-06,Onion,Guntur,1447,57,15.03,24.96,91.7
2023-05-07,Onion,Guntur,1588,85,8.87,34.17,72.11
2023-05-07,Onion,Vijayawada,1745,76,8.87,34.17,72.11
2023-05-07,Onion,Tirupati,1759,95,8.87,34.17,72.11
2023-05-07,Onion,Anantapur,1699,59,8.87,34.17,72.11
2023-05-08,Onion,Anantapur,1558,46,16.48,22.33,75.0
2023-05-08,Onion,Guntur,1516,24,16.48,22.33,75.0
2023-05-08,Onion,Vijayawada,1767,107,16.48,22.33,75.0
2023-05-08,Onion,Tirupati,1446,66,16.48,22.33,75.0
2023-05-09,Onion,Anantapur,1600,42,19.76,33.14,86.5
2023-05-09,Onion,Tirupati,1671,95,19.76,33.14,86.5
2023-05-09,Onion,Guntur,1644,94,19.76,33.14,86.5
2023-05-09,Onion,Vijayawada,1528,23,19.76,33.14,86.5
2023-05-10,Onion,Tirupati,1644,116,8.08,31.53,76.25
2023-05-10,Onion,Guntur,1543,114,8.08,31.53,76.25
2023-05-10,Onion,Vijayawada,1433,45,8.08,31.53,76.25
2023-05-10,Onion,Anantapur,1566,98,8.08,31.53,76.25
2023-05-11,Onion,Anantapur,1720,80,9.6,22.01,82.89
2023-05-11,Onion,Tirupati,1588,23,9.6,22.01,82.89
2023-05-11,Onion,Vijayawada,1468,39,9.6,22.01,82.89
2023-05-11,Onion,Guntur,1788,70,9.6,22.01,82.89
2023-05-12,Onion,Guntur,1546,48,3.98,34.12,63.42
2023-05-12,Onion,Vijayawada,1690,86,3.98,34.12,63.42
2023-05-12,Onion,Tirupati,1440,79,3.98,34.12,63.42
2023-05-12,Onion,Anantapur,1621,84,3.98,34.12,63.42
2023-05-13,Onion,Tirupati,1471,42,15.1,24.62,82.18
2023-05-13,Onion,Anantapur,1402,110,15.1,24.62,82.18
2023-05-13,Onion,Guntur,1549,100,15.1,24.62,82.18
2023-05-13,Onion,Vijayawada,1769,105,15.1,24.62,82.18
2023-05-14,Onion,Guntur,1444,80,3.64,21.73,86.88
2023-05-14,Onion,Vijayawada,1620,37,3.64,21.73,86.88
2023-05-14,Onion,Tirupati,1529,111,3.64,21.73,86.88
2023-05-14,Onion,Anantapur,1527,95,3.64,21.73,86.88
2023-05-15,Onion,Anantapur,1705,95,2.02,24.73,69.7
2023-05-15,Onion,Guntur,1564,61,2.02,24.73,69.7
2023-05-15,Onion,Vijayawada,1432,109,2.02,24.73,69.7
2023-05-15,Onion,Tirupati,1685,30,2.02,24.73,69.7
2023-05-16,Onion,Tirupati,1640,71,3.55,25.08,66.27
2023-05-16,Onion,Anantapur,1690,88,3.55,25.08,66.27
2023-05-16,Onion,Guntur,1486,23,3.55,25.08,66.27
2023-05-16,Onion,Vijayawada,1439,56,3.55,25.08,66.27
2023-05-17,Onion,Tirupati,1618,30,6.08,32.06,71.98
2023-05-17,Onion,Anantapur,1609,101,6.08,32.06,71.98
2023-05-17,Onion,Guntur,1418,20,6.08,32.06,71.98
2023-05-17,Onion,Vijayawada,1403,83,6.08,32.06,71.98
2023-05-18,Onion,Anantapur,1642,40,19.63,26.62,85.5
2023-05-18,Onion,Tirupati,1572,78,19.63,26.62,85.5
2023-05-18,Onion,Guntur,1587,107,19.63,26.62,85.5
2023-05-18,Onion,Vijayawada,1723,103,19.63,26.62,85.5
2023-05-19,Onion,Guntur,1539,59,19.06,22.26,82.54
2023-05-19,Onion,Vijayawada,1610,30,19.06,22.26,82.54
2023-05-19,Onion,Tirupati,1625,77,19.06,22.26,82.54
2023-05-19,Onion,Anantapur,1631,86,19.06,22.26,82.54
2023-05-20,Onion,Guntur,1403,88,2.88,20.66,79.39
2023-05-20,Onion,Vijayawada,1627,104,2.88,20.66,79.39
2023-05-20,Onion,Tirupati,1755,66,2.88,20.66,79.39
2023-05-20,Onion,Anantapur,1460,92,2.88,20.66,79.39
2023-05-21,Onion,Anantapur,1612,59,15.81,20.57,65.35
2023-05-21,Onion,Tirupati,1709,63,15.81,20.57,65.35
2023-05-21,Onion,Guntur,1687,87,15.81,20.57,65.35
2023-05-21,Onion,Vijayawada,1459,110,15.81,20.57,65.35
2023-05-22,Onion,Guntur,1704,80,2.53,34.07,93.06
2023-05-22,Onion,Vijayawada,1641,100,2.53,34.07,93.06
2023-05-22,Onion,Tirupati,1748,118,2.53,34.07,93.06
2023-05-22,Onion,Anantapur,1426,30,2.53,34.07,93.06
2023-05-23,Onion,Guntur,1572,34,5.05,31.29,86.63
2023-05-23,Onion,Vijayawada,1785,116,5.05,31.29,86.63
2023-05-23,Onion,Tirupati,1481,102,5.05,31.29,86.63
2023-05-23,Onion,Anantapur,1695,66,5.05,31.29,86.63
2023-05-24,Onion,Anantapur,1400,92,6.63,33.93,62.27
2023-05-24,Onion,Tirupati,1759,108,6.63,33.93,62.27
2023-05-24,Onion,Guntur,1698,81,6.63,33.93,62.27
2023-05-24,Onion,Vijayawada,1521,91,6.63,33.93,62.27
2023-05-25,Onion,Guntur,1797,37,10.44,30.88,61.69
2023-05-25,Onion,Vijayawada,1410,117,10.44,30.88,61.69
2023-05-25,Onion,Tirupati,1752,55,10.44,30.88,61.69
2023-05-25,Onion,Anantapur,1701,107,10.44,30.88,61.69
2023-05-26,Onion,Anantapur,1493,77,17.12,21.68,63.94
2023-05-26,Onion,Guntur,1470,97,17.12,21.68,63.94
2023-05-26,Onion,Vijayawada,1504,48,17.12,21.68,63.94
2023-05-26,Onion,Tirupati,1416,64,17.12,21.68,63.94
2023-05-27,Onion,Anantapur,1628,87,6.1,25.54,75.87
2023-05-27,Onion,Tirupati,1451,60,6.1,25.54,75.87
2023-05-27,Onion,Guntur,1697,73,6.1,25.54,75.87
2023-05-27,Onion,Vijayawada,1516,40,6.1,25.54,75.87
2023-05-28,Onion,Tirupati,1579,113,12.47,25.44,71.09
2023-05-28,Onion,Guntur,1427,43,12.47,25.44,71.09
2023-05-28,Onion,Vijayawada,1449,117,12.47,25.44,71.09
2023-05-28,Onion,Anantapur,1581,98,12.47,25.44,71.09
2023-05-29,Onion,Anantapur,1507,79,7.79,26.35,69.32
2023-05-29,Onion,Tirupati,1561,88,7.79,26.35,69.32
2023-05-29,Onion,Vijayawada,1529,67,7.79,26.35,69.32
2023-05-29,Onion,Guntur,1473,88,7.79,26.35,69.32
2023-05-30,Onion,Guntur,1586,47,4.71,20.41,77.68
2023-05-30,Onion,Vijayawada,1625,60,4.71,20.41,77.68
2023-05-30,Onion,Tirupati,1425,26,4.71,20.41,77.68
2023-05-30,Onion,Anantapur,1752,26,4.71,20.41,77.68
2023-05-31,Onion,Tirupati,1675,75,19.68,29.17,65.8
2023-05-31,Onion,Anantapur,1780,41,19.68,29.17,65.8
2023-05-31,Onion,Guntur,1564,92,19.68,29.17,65.8
2023-05-31,Onion,Vijayawada,1505,87,19.68,29.17,65.8
2023-06-01,Onion,Guntur,1762,35,11.29,28.61,67.22
2023-06-01,Onion,Vijayawada,1453,38,11.29,28.61,67.22
2023-06-01,Onion,Tirupati,1418,36,11.29,28.61,67.22
2023-06-01,Onion,Anantapur,1610,89,11.29,28.61,67.22
2023-06-02,Onion,Anantapur,1700,76,11.41,28.09,72.82
2023-06-02,Onion,Guntur,1511,99,11.41,28.09,72.82
2023-06-02,Onion,Vijayawada,1511,44,11.41,28.09,72.82
2023-06-02,Onion,Tirupati,1698,54,11.41,28.09,72.82
2023-06-03,Onion,Tirupati,1470,38,11.73,21.27,60.46
2023-06-03,Onion,Anantapur,1655,111,11.73,21.27,60.46
2023-06-03,Onion,Guntur,1449,64,11.73,21.27,60.46
2023-06-03,Onion,Vijayawada,1522,38,11.73,21.27,60.46
2023-06-04,Onion,Guntur,1459,65,8.46,20.75,84.8
2023-06-04,Onion,Vijayawada,1566,85,8.46,20.75,84.8
2023-06-04,Onion,Tirupati,1547,43,8.46,20.75,84.8
2023-06-04,Onion,Anantapur,1696,37,8.46,20.75,84.8
2023-06-05,Onion,Guntur,1444,68,14.53,22.25,92.3
2023-06-05,Onion,Vijayawada,1585,68,14.53,22.25,92.3
2023-06-05,Onion,Tirupati,1613,84,14.53,22.25,92.3
2023-06-05,Onion,Anantapur,1763,40,14.53,22.25,92.3
2023-06-06,Onion,Anantapur,1624,36,12.1,25.61,71.58
2023-06-06,Onion,Tirupati,1744,32,12.1,25.61,71.58
2023-06-06,Onion,Guntur,1434,114,12.1,25.61,71.58
2023-06-06,Onion,Vijayawada,1783,37,12.1,25.61,71.58
2023-06-07,Onion,Guntur,1676,25,18.45,28.08,88.65
2023-06-07,Onion,Vijayawada,1523,108,18.45,28.08,88.65
2023-06-07,Onion,Tirupati,1761,31,18.45,28.08,88.65
2023-06-07,Onion,Anantapur,1445,75,18.45,28.08,88.65
2023-06-08,Onion,Tirupati,1798,104,16.05,28.12,75.74
2023-06-08,Onion,Guntur,1527,76,16.05,28.12,75.74
2023-06-08,Onion,Vijayawada,1407,67,16.05,28.12,75.74
2023-06-08,Onion,Anantapur,1571,50,16.05,28.12,75.74
2023-06-09,Onion,Anantapur,1629,46,1.75,32.04,90.13
2023-06-09,Onion,Tirupati,1631,84,1.75,32.04,90.13
2023-06-09,Onion,Vijayawada,1457,87,1.75,32.04,90.13
2023-06-09,Onion,Guntur,1686,52,1.75,32.04,90.13
2023-06-10,Onion,Guntur,1739,80,6.28,21.6,70.44
2023-06-10,Onion,Vijayawada,1506,47,6.28,21.6,70.44
2023-06-10,Onion,Tirupati,1760,116,6.28,21.6,70.44
2023-06-10,Onion,Anantapur,1633,88,6.28,21.6,70.44
2023-06-11,Onion,Guntur,1763,25,5.16,32.95,63.9
2023-06-11,Onion,Vijayawada,1416,76,5.16,32.95,63.9
2023-06-11,Onion,Tirupati,1570,101,5.16,32.95,63.9
2023-06-11,Onion,Anantapur,1506,81,5.16,32.95,63.9
2023-06-12,Onion,Anantapur,1653,76,19.64,20.64,67.02
2023-06-12,Onion,Tirupati,1684,35,19.64,20.64,67.02
2023-06-12,Onion,Guntur,1726,73,19.64,20.64,67.02
2023-06-12,Onion,Vijayawada,1754,108,19.64,20.64,67.02
2023-06-13,Onion,Guntur,1690,37,3.96,21.13,64.21
2023-06-13,Onion,Vijayawada,1797,96,3.96,21.13,64.21
2023-06-13,Onion,Tirupati,1766,29,3.96,21.13,64.21
2023-06-13,Onion,Anantapur,1698,25,3.96,21.13,64.21
2023-06-14,Onion,Guntur,1446,64,4.36,31.07,70.35
2023-06-14,Onion,Vijayawada,1614,65,4.36,31.07,70.35
2023-06-14,Onion,Tirupati,1664,51,4.36,31.07,70.35
2023-06-14,Onion,Anantapur,1453,77,4.36,31.07,70.35
2023-06-15,Onion,Anantapur,1724,116,14.66,28.85,85.71
2023-06-15,Onion,Tirupati,1786,72,14.66,28.85,85.71
2023-06-15,Onion,Guntur,1452,86,14.66,28.85,85.71
2023-06-15,Onion,Vijayawada,1530,63,14.66,28.85,85.71
2023-06-16,Onion,Guntur,1655,87,10.91,28.6,75.33
2023-06-16,Onion,Vijayawada,1602,107,10.91,28.6,75.33
2023-06-16,Onion,Tirupati,1559,76,10.91,28.6,75.33
2023-06-16,Onion,Anantapur,1597,94,10.91,28.6,75.33
2023-06-17,Onion,Anantapur,1716,77,11.72,32.2,73.0
2023-06-17,Onion,Guntur,1428,92,11.72,32.2,73.0
2023-06-17,Onion,Vijayawada,1479,98,11.72,32.2,73.0
2023-06-17,Onion,Tirupati,1405,73,11.72,32.2,73.0
2023-06-18,Onion,Anantapur,1568,86,6.4,32.97,83.94
2023-06-18,Onion,Tirupati,1629,36,6.4,32.97,83.94
2023-06-18,Onion,Guntur,1789,61,6.4,32.97,83.94
2023-06-18,Onion,Vijayawada,1652,49,6.4,32.97,83.94
2023-06-19,Onion,Tirupati,1686,116,4.34,32.75,87.81
2023-06-19,Onion,Guntur,1726,21,4.34,32.75,87.81
2023-06-19,Onion,Vijayawada,1621,53,4.34,32.75,87.81
2023-06-19,Onion,Anantapur,1642,98,4.34,32.75,87.81
2023-06-20,Onion,Anantapur,1664,59,17.5,31.06,61.1
2023-06-20,Onion,Tirupati,1615,37,17.5,31.06,61.1
2023-06-20,Onion,Vijayawada,1457,95,17.5,31.06,61.1
2023-06-20,Onion,Guntur,1659,76,17.5,31.06,61.1
2023-06-21,Onion,Guntur,1720,118,17.14,31.83,86.85
2023-06-21,Onion,Vijayawada,1788,114,17.14,31.83,86.85
2023-06-21,Onion,Tirupati,1509,50,17.14,31.83,86.85
2023-06-21,Onion,Anantapur,1587,119,17.14,31.83,86.85
2023-06-22,Onion,Tirupati,1772,84,0.73,21.1,86.63
2023-06-22,Onion,Anantapur,1561,45,0.73,21.1,86.63
2023-06-22,Onion,Guntur,1438,111,0.73,21.1,86.63
2023-06-22,Onion,Vijayawada,1681,59,0.73,21.1,86.63
2023-06-23,Onion,Guntur,1465,110,18.71,28.21,72.0
2023-06-23,Onion,Vijayawada,1425,48,18.71,28.21,72.0
2023-06-23,Onion,Tirupati,1768,61,18.71,28.21,72.0
2023-06-23,Onion,Anantapur,1789,48,18.71,28.21,72.0
2023-06-24,Onion,Anantapur,1610,107,17.92,21.06,91.96
2023-06-24,Onion,Guntur,1660,102,17.92,21.06,91.96
2023-06-24,Onion,Vijayawada,1525,40,17.92,21.06,91.96
2023-06-24,Onion,Tirupati,1522,84,17.92,21.06,91.96
2023-06-25,Onion,Tirupati,1490,24,11.86,26.03,66.06
2023-06-25,Onion,Anantapur,1522,71,11.86,26.03,66.06
2023-06-25,Onion,Guntur,1551,61,11.86,26.03,66.06
2023-06-25,Onion,Vijayawada,1735,58,11.86,26.03,66.06
2023-06-26,Onion,Guntur,1703,107,19.18,33.4,61.23
2023-06-26,Onion,Vijayawada,1485,54,19.18,33.4,61.23
2023-06-26,Onion,Tirupati,1547,36,19.18,33.4,61.23
2023-06-26,Onion,Anantapur,1528,69,19.18,33.4,61.23
2023-06-27,Onion,Guntur,1406,102,10.49,21.56,60.8
2023-06-27,Onion,Vijayawada,1777,97,10.49,21.56,60.8
2023-06-27,Onion,Tirupati,1686,64,10.49,21.56,60.8
2023-06-27,Onion,Anantapur,1562,112,10.49,21.56,60.8
2023-06-28,Onion,Anantapur,1422,50,18.99,33.56,74.55
2023-06-28,Onion,Tirupati,1506,68,18.99,33.56,74.55
2023-06-28,Onion,Vijayawada,1525,85,18.99,33.56,74.55
2023-06-28,Onion,Guntur,1618,52,18.99,33.56,74.55
2023-06-29,Onion,Guntur,1708,69,0.45,23.87,79.82
2023-06-29,Onion,Vijayawada,1745,117,0.45,23.87,79.82
2023-06-29,Onion,Tirupati,1507,48,0.45,23.87,79.82
2023-06-29,Onion,Anantapur,1754,28,0.45,23.87,79.82
2023-06-30,Onion,Anantapur,1745,82,5.57,21.7,63.83
2023-06-30,Onion,Guntur,1649,103,5.57,21.7,63.83
2023-06-30,Onion,Vijayawada,1410,81,5.57,21.7,63.83
2023-06-30,Onion,Tirupati,1799,63,5.57,21.7,63.83
2023-07-01,Onion,Vijayawada,1478,116,11.53,29.75,90.5
2023-07-01,Onion,Tirupati,1621,36,11.53,29.75,90.5
2023-07-01,Onion,Guntur,1757,115,11.53,29.75,90.5
2023-07-01,Onion,Anantapur,1696,37,11.53,29.75,90.5
2023-07-02,Onion,Anantapur,1468,83,5.76,34.01,87.78
2023-07-02,Onion,Tirupati,1492,53,5.76,34.01,87.78
2023-07-02,Onion,Vijayawada,1641,101,5.76,34.01,87.78
2023-07-02,Onion,Guntur,1720,108,5.76,34.01,87.78
2023-07-03,Onion,Guntur,1698,114,12.72,32.73,74.09
2023-07-03,Onion,Vijayawada,1532,118,12.72,32.73,74.09
2023-07-03,Onion,Tirupati,1443,118,12.72,32.73,74.09
2023-07-03,Onion,Anantapur,1531,114,12.72,32.73,74.09
2023-07-04,Onion,Guntur,1725,56,7.58,23.42,86.47
2023-07-04,Onion,Vijayawada,1714,39,7.58,23.42,86.47
2023-07-04,Onion,Tirupati,1760,73,7.58,23.42,86.47
2023-07-04,Onion,Anantapur,1519,98,7.58,23.42,86.47
2023-07-05,Onion,Anantapur,1556,62,11.82,23.17,76.13
2023-07-05,Onion,Tirupati,1509,85,11.82,23.17,76.13
2023-07-05,Onion,Guntur,1675,56,11.82,23.17,76.13
2023-07-05,Onion,Vijayawada,1681,91,11.82,23.17,76.13
2023-07-06,Onion,Guntur,1485,68,14.26,29.07,65.36
2023-07-06,Onion,Vijayawada,1720,51,14.26,29.07,65.36
2023-07-06,Onion,Tirupati,1604,56,14.26,29.07,65.36
2023-07-06,Onion,Anantapur,1668,66,14.26,29.07,65.36
2023-07-07,Onion,Guntur,1727,86,2.02,30.5,73.04
2023-07-07,Onion,Vijayawada,1726,77,2.02,30.5,73.04
2023-07-07,Onion,Tirupati,1633,85,2.02,30.5,73.04
2023-07-07,Onion,Anantapur,1669,28,2.02,30.5,73.04
2023-07-08,Onion,Anantapur,1418,105,10.41,20.5,77.69
2023-07-08,Onion,Tirupati,1658,83,10.41,20.5,77.69
2023-07-08,Onion,Guntur,1659,91,10.41,20.5,77.69
2023-07-08,Onion,Vijayawada,1685,115,10.41,20.5,77.69
2023-07-09,Onion,Guntur,1493,83,2.76,32.94,75.83
2023-07-09,Onion,Vijayawada,1675,22,2.76,32.94,75.83
2023-07-09,Onion,Tirupati,1693,71,2.76,32.94,75.83
2023-07-09,Onion,Anantapur,1561,50,2.76,32.94,75.83
2023-07-10,Onion,Anantapur,1654,28,13.95,24.22,70.37
2023-07-10,Onion,Guntur,1752,62,13.95,24.22,70.37
2023-07-10,Onion,Vijayawada,1784,28,13.95,24.22,70.37
2023-07-10,Onion,Tirupati,1426,36,13.95,24.22,70.37
2023-07-11,Onion,Anantapur,1417,49,7.78,29.66,92.21
2023-07-11,Onion,Tirupati,1414,34,7.78,29.66,92.21
2023-07-11,Onion,Guntur,1597,88,7.78,29.66,92.21
2023-07-11,Onion,Vijayawada,1417,70,7.78,29.66,92.21
2023-07-12,Onion,Tirupati,1712,41,0.93,33.77,81.95
2023-07-12,Onion,Guntur,1739,47,0.93,33.77,81.95
2023-07-12,Onion,Vijayawada,1536,21,0.93,33.77,81.95
2023-07-12,Onion,Anantapur,1532,84,0.93,33.77,81.95
2023-07-13,Onion,Anantapur,1640,71,18.62,33.24,89.7
2023-07-13,Onion,Tirupati,1641,33,18.62,33.24,89.7
2023-07-13,Onion,Vijayawada,1666,100,18.62,33.24,89.7
2023-07-13,Onion,Guntur,1439,65,18.62,33.24,89.7
2023-07-14,Onion,Guntur,1429,85,19.87,21.07,66.88
2023-07-14,Onion,Vijayawada,1546,36,19.87,21.07,66.88
2023-07-14,Onion,Tirupati,1595,51,19.87,21.07,66.88
2023-07-14,Onion,Anantapur,1407,56,19.87,21.07,66.88
2023-07-15,Onion,Tirupati,1779,57,8.06,31.42,89.37
2023-07-15,Onion,Anantapur,1506,53,8.06,31.42,89.37
2023-07-15,Onion,Guntur,1429,100,8.06,31.42,89.37
2023-07-15,Onion,Vijayawada,1606,111,8.06,31.42,89.37
2023-07-16,Onion,Guntur,1527,111,19.29,28.02,77.5
2023-07-16,Onion,Vijayawada,1622,109,19.29,28.02,77.5
2023-07-16,Onion,Tirupati,1778,93,19.29,28.02,77.5
2023-07-16,Onion,Anantapur,1659,46,19.29,28.02,77.5
2023-07-17,Onion,Anantapur,1600,75,16.83,31.6,80.85
2023-07-17,Onion,Guntur,1445,25,16.83,31.6,80.85
2023-07-17,Onion,Vijayawada,1580,73,16.83,31.6,80.85
2023-07-17,Onion,Tirupati,1422,68,16.83,31.6,80.85
2023-07-18,Onion,Tirupati,1416,95,16.01,22.87,82.67
2023-07-18,Onion,Anantapur,1486,118,16.01,22.87,82.67
2023-07-18,Onion,Guntur,1635,27,16.01,22.87,82.67
2023-07-18,Onion,Vijayawada,1761,35,16.01,22.87,82.67
2023-07-19,Onion,Guntur,1482,89,16.72,30.81,84.42
2023-07-19,Onion,Vijayawada,1794,64,16.72,30.81,84.42
2023-07-19,Onion,Tirupati,1403,42,16.72,30.81,84.42
2023-07-19,Onion,Anantapur,1433,42,16.72,30.81,84.42
2023-07-20,Onion,Guntur,1754,44,4.43,32.35,72.75
2023-07-20,Onion,Vijayawada,1741,49,4.43,32.35,72.75
2023-07-20,Onion,Tirupati,1794,88,4.43,32.35,72.75
2023-07-20,Onion,Anantapur,1415,74,4.43,32.35,72.75
2023-07-21,Onion,Anantapur,1717,47,13.72,27.06,67.1
2023-07-21,Onion,Tirupati,1631,86,13.72,27.06,67.1
2023-07-21,Onion,Vijayawada,1709,119,13.72,27.06,67.1
2023-07-21,Onion,Guntur,1772,37,13.72,27.06,67.1
2023-07-22,Onion,Guntur,1668,55,10.35,24.84,83.69
2023-07-22,Onion,Vijayawada,1748,77,10.35,24.84,83.69
2023-07-22,Onion,Tirupati,1416,84,10.35,24.84,83.69
2023-07-22,Onion,Anantapur,1614,105,10.35,24.84,83.69
2023-07-23,Onion,Anantapur,1476,39,6.99,33.9,84.85
2023-07-23,Onion,Guntur,1559,44,6.99,33.9,84.85
2023-07-23,Onion,Vijayawada,1597,101,6.99,33.9,84.85
2023-07-23,Onion,Tirupati,1422,45,6.99,33.9,84.85
2023-07-24,Onion,Tirupati,1723,102,5.54,27.48,65.83
2023-07-24,Onion,Anantapur,1401,68,5.54,27.48,65.83
2023-07-24,Onion,Guntur,1534,50,5.54,27.48,65.83
2023-07-24,Onion,Vijayawada,1769,74,5.54,27.48,65.83
2023-07-25,Onion,Guntur,1617,73,13.32,28.51,81.98
2023-07-25,Onion,Vijayawada,1609,23,13.32,28.51,81.98
2023-07-25,Onion,Tirupati,1635,100,13.32,28.51,81.98
2023-07-25,Onion,Anantapur,1423,116,13.32,28.51,81.98
2023-07-26,Onion,Tirupati,1602,93,8.4,26.08,63.85
2023-07-26,Onion,Anantapur,1699,56,8.4,26.08,63.85
2023-07-26,Onion,Guntur,1504,42,8.4,26.08,63.85
2023-07-26,Onion,Vijayawada,1781,74,8.4,26.08,63.85
2023-07-27,Onion,Guntur,1529,53,10.12,23.47,83.08
2023-07-27,Onion,Vijayawada,1742,63,10.12,23.47,83.08
2023-07-27,Onion,Tirupati,1521,59,10.12,23.47,83.08
2023-07-27,Onion,Anantapur,1738,26,10.12,23.47,83.08
2023-07-28,Onion,Anantapur,1544,110,18.31,22.45,64.33
2023-07-28,Onion,Guntur,1601,115,18.31,22.45,64.33
2023-07-28,Onion,Vijayawada,1549,41,18.31,22.45,64.33
2023-07-28,Onion,Tirupati,1792,117,18.31,22.45,64.33
2023-07-29,Onion,Tirupati,1571,50,9.03,26.91,93.74
2023-07-29,Onion,Anantapur,1578,70,9.03,26.91,93.74
2023-07-29,Onion,Guntur,1499,82,9.03,26.91,93.74
2023-07-29,Onion,Vijayawada,1587,71,9.03,26.91,93.74
2023-07-30,Onion,Guntur,1726,70,11.43,28.53,72.95
2023-07-30,Onion,Vijayawada,1411,28,11.43,28.53,72.95
2023-07-30,Onion,Tirupati,1483,64,11.43,28.53,72.95
2023-07-30,Onion,Anantapur,1565,26,11.43,28.53,72.95
2023-07-31,Onion,Guntur,1438,107,17.67,30.31,79.5
2023-07-31,Onion,Vijayawada,1482,26,17.67,30.31,79.5
2023-07-31,Onion,Tirupati,1524,108,17.67,30.31,79.5
2023-07-31,Onion,Anantapur,1641,100,17.67,30.31,79.5
2023-08-01,Onion,Anantapur,1664,100,8.04,20.4,89.15
2023-08-01,Onion,Tirupati,1553,70,8.04,20.4,89.15
2023-08-01,Onion,Vijayawada,1700,59,8.04,20.4,89.15
2023-08-01,Onion,Guntur,1590,87,8.04,20.4,89.15
2023-08-02,Onion,Guntur,1740,95,5.91,34.45,75.88
2023-08-02,Onion,Vijayawada,1703,98,5.91,34.45,75.88
2023-08-02,Onion,Tirupati,1412,57,5.91,34.45,75.88
2023-08-02,Onion,Anantapur,1706,117,5.91,34.45,75.88
2023-08-03,Onion,Anantapur,1407,87,17.71,23.9,75.89
2023-08-03,Onion,Guntur,1429,62,17.71,23.9,75.89
2023-08-03,Onion,Vijayawada,1568,20,17.71,23.9,75.89
2023-08-03,Onion,Tirupati,1654,66,17.71,23.9,75.89
2023-08-04,Onion,Tirupati,1482,50,10.13,33.31,84.55
2023-08-04,Onion,Anantapur,1785,38,10.13,33.31,84.55
2023-08-04,Onion,Guntur,1413,26,10.13,33.31,84.55
2023-08-04,Onion,Vijayawada,1661,101,10.13,33.31,84.55
2023-08-05,Onion,Guntur,1548,76,0.96,29.15,77.05
2023-08-05,Onion,Vijayawada,1455,55,0.96,29.15,77.05
2023-08-05,Onion,Tirupati,1620,27,0.96,29.15,77.05
2023-08-05,Onion,Anantapur,1667,97,0.96,29.15,77.05
2023-08-06,Onion,Guntur,1710,98,11.54,26.19,90.16
2023-08-06,Onion,Vijayawada,1615,73,11.54,26.19,90.16
2023-08-06,Onion,Tirupati,1593,106,11.54,26.19,90.16
2023-08-06,Onion,Anantapur,1445,60,11.54,26.19,90.16
2023-08-07,Onion,Anantapur,1470,59,2.95,25.58,83.31
2023-08-07,Onion,Tirupati,1471,60,2.95,25.58,83.31
2023-08-07,Onion,Guntur,1746,55,2.95,25.58,83.31
2023-08-07,Onion,Vijayawada,1587,45,2.95,25.58,83.31
2023-08-08,Onion,Guntur,1746,85,5.19,20.67,65.84
2023-08-08,Onion,Vijayawada,1705,107,5.19,20.67,65.84
2023-08-08,Onion,Tirupati,1654,97,5.19,20.67,65.84
2023-08-08,Onion,Anantapur,1427,59,5.19,20.67,65.84
2023-08-09,Onion,Guntur,1471,69,9.07,28.47,88.44
2023-08-09,Onion,Vijayawada,1564,90,9.07,28.47,88.44
2023-08-09,Onion,Tirupati,1655,31,9.07,28.47,88.44
2023-08-09,Onion,Anantapur,1660,31,9.07,28.47,88.44
2023-08-10,Onion,Anantapur,1524,47,15.46,24.94,67.85
2023-08-10,Onion,Tirupati,1749,101,15.46,24.94,67.85
2023-08-10,Onion,Vijayawada,1624,29,15.46,24.94,67.85
2023-08-10,Onion,Guntur,1786,63,15.46,24.94,67.85
2023-08-11,Onion,Guntur,1518,63,7.52,26.92,70.01
2023-08-11,Onion,Vijayawada,1763,115,7.52,26.92,70.01
2023-08-11,Onion,Tirupati,1607,92,7.52,26.92,70.01
2023-08-11,Onion,Anantapur,1422,20,7.52,26.92,70.01
2023-08-12,Onion,Anantapur,1520,92,16.96,29.6,71.42
2023-08-12,Onion,Guntur,1653,48,16.96,29.6,71.42
2023-08-12,Onion,Vijayawada,1695,24,16.96,29.6,71.42
2023-08-12,Onion,Tirupati,1689,85,16.96,29.6,71.42
2023-08-13,Onion,Anantapur,1637,31,1.51,33.92,87.43
2023-08-13,Onion,Tirupati,1792,30,1.51,33.92,87.43
2023-08-13,Onion,Vijayawada,1628,58,1.51,33.92,87.43
2023-08-13,Onion,Guntur,1516,77,1.51,33.92,87.43
2023-08-14,Onion,Anantapur,1613,44,9.87,22.45,85.55
2023-08-14,Onion,Guntur,1599,113,9.87,22.45,85.55
2023-08-14,Onion,Vijayawada,1469,42,9.87,22.45,85.55
2023-08-14,Onion,Tirupati,1527,119,9.87,22.45,85.55
2023-08-15,Onion,Tirupati,1552,99,7.1,28.98,69.79
2023-08-15,Onion,Anantapur,1629,82,7.1,28.98,69.79
2023-08-15,Onion,Guntur,1719,81,7.1,28.98,69.79
2023-08-15,Onion,Vijayawada,1488,80,7.1,28.98,69.79
2023-08-16,Onion,Tirupati,1636,109,5.79,22.14,80.61
2023-08-16,Onion,Anantapur,1640,72,5.79,22.14,80.61
2023-08-16,Onion,Guntur,1401,35,5.79,22.14,80.61
2023-08-16,Onion,Vijayawada,1726,53,5.79,22.14,80.61
2023-08-17,Onion,Guntur,1597,23,4.35,31.51,72.09
2023-08-17,Onion,Vijayawada,1509,94,4.35,31.51,72.09
2023-08-17,Onion,Tirupati,1416,59,4.35,31.51,72.09
2023-08-17,Onion,Anantapur,1673,96,4.35,31.51,72.09
2023-08-18,Onion,Guntur,1512,117,16.09,32.55,64.69
2023-08-18,Onion,Vijayawada,1583,107,16.09,32.55,64.69
2023-08-18,Onion,Tirupati,1489,28,16.09,32.55,64.69
2023-08-18,Onion,Anantapur,1519,77,16.09,32.55,64.69
2023-08-19,Onion,Anantapur,1791,62,12.75,25.57,79.32
2023-08-19,Onion,Tirupati,1638,30,12.75,25.57,79.32
2023-08-19,Onion,Guntur,1408,109,12.75,25.57,79.32
2023-08-19,Onion,Vijayawada,1503,114,12.75,25.57,79.32
2023-08-20,Onion,Guntur,1785,82,9.23,34.92,77.35
2023-08-20,Onion,Vijayawada,1658,53,9.23,34.92,77.35
2023-08-20,Onion,Tirupati,1799,20,9.23,34.92,77.35
2023-08-20,Onion,Anantapur,1606,108,9.23,34.92,77.35
2023-08-21,Onion,Guntur,1755,47,12.03,22.43,84.17
2023-08-21,Onion,Vijayawada,1662,55,12.03,22.43,84.17
2023-08-21,Onion,Tirupati,1615,35,12.03,22.43,84.17
2023-08-21,Onion,Anantapur,1447,70,12.03,22.43,84.17
2023-08-22,Onion,Anantapur,1442,55,16.46,26.86,72.04
2023-08-22,Onion,Tirupati,1476,102,16.46,26.86,72.04
2023-08-22,Onion,Guntur,1473,59,16.46,26.86,72.04
2023-08-22,Onion,Vijayawada,1746,77,16.46,26.86,72.04
2023-08-23,Onion,Guntur,1486,40,7.13,21.64,71.14
2023-08-23,Onion,Vijayawada,1516,92,7.13,21.64,71.14
2023-08-23,Onion,Tirupati,1431,37,7.13,21.64,71.14
2023-08-23,Onion,Anantapur,1496,63,7.13,21.64,71.14
2023-08-24,Onion,Anantapur,1650,59,2.52,30.23,66.71
2023-08-24,Onion,Guntur,1612,35,2.52,30.23,66.71
2023-08-24,Onion,Vijayawada,1508,107,2.52,30.23,66.71
2023-08-24,Onion,Tirupati,1558,43,2.52,30.23,66.71
2023-08-25,Onion,Guntur,1746,95,14.2,24.44,76.05
2023-08-25,Onion,Vijayawada,1446,83,14.2,24.44,76.05
2023-08-25,Onion,Tirupati,1570,112,14.2,24.44,76.05
2023-08-25,Onion,Anantapur,1706,61,14.2,24.44,76.05
2023-08-26,Onion,Tirupati,1589,69,2.24,20.49,94.59
2023-08-26,Onion,Anantapur,1514,108,2.24,20.49,94.59
2023-08-26,Onion,Guntur,1419,29,2.24,20.49,94.59
2023-08-26,Onion,Vijayawada,1622,61,2.24,20.49,94.59
2023-08-27,Onion,Tirupati,1667,72,17.63,24.83,65.29
2023-08-27,Onion,Anantapur,1452,35,17.63,24.83,65.29
2023-08-27,Onion,Guntur,1559,57,17.63,24.83,65.29
2023-08-27,Onion,Vijayawada,1550,77,17.63,24.83,65.29
2023-08-28,Onion,Anantapur,1413,44,1.92,34.58,88.95
2023-08-28,Onion,Tirupati,1529,47,1.92,34.58,88.95
2023-08-28,Onion,Guntur,1451,85,1.92,34.58,88.95
2023-08-28,Onion,Vijayawada,1692,29,1.92,34.58,88.95
2023-08-29,Onion,Guntur,1647,112,10.54,30.77,94.33
2023-08-29,Onion,Vijayawada,1518,40,10.54,30.77,94.33
2023-08-29,Onion,Tirupati,1615,100,10.54,30.77,94.33
2023-08-29,Onion,Anantapur,1452,96,10.54,30.77,94.33
2023-08-30,Onion,Guntur,1420,91,4.25,25.43,88.79
2023-08-30,Onion,Vijayawada,1798,118,4.25,25.43,88.79
2023-08-30,Onion,Tirupati,1693,41,4.25,25.43,88.79
2023-08-30,Onion,Anantapur,1547,80,4.25,25.43,88.79
2023-08-31,Onion,Tirupati,1496,77,12.68,22.74,74.48
2023-08-31,Onion,Anantapur,1733,78,12.68,22.74,74.48
2023-08-31,Onion,Guntur,1748,52,12.68,22.74,74.48
2023-08-31,Onion,Vijayawada,1628,64,12.68,22.74,74.48
2023-09-01,Onion,Guntur,1597,87,13.44,33.34,72.11
2023-09-01,Onion,Vijayawada,1644,45,13.44,33.34,72.11
2023-09-01,Onion,Tirupati,1774,60,13.44,33.34,72.11
2023-09-01,Onion,Anantapur,1479,77,13.44,33.34,72.11
2023-09-02,Onion,Anantapur,1737,39,14.76,33.45,65.47
2023-09-02,Onion,Tirupati,1772,27,14.76,33.45,65.47
2023-09-02,Onion,Vijayawada,1460,48,14.76,33.45,65.47
2023-09-02,Onion,Guntur,1457,78,14.76,33.45,65.47
2023-09-03,Onion,Anantapur,1617,40,12.79,24.66,77.43
2023-09-03,Onion,Tirupati,1450,105,12.79,24.66,77.43
2023-09-03,Onion,Guntur,1550,101,12.79,24.66,77.43
2023-09-03,Onion,Vijayawada,1728,112,12.79,24.66,77.43
2023-09-04,Onion,Guntur,1534,65,9.04,25.48,64.36
2023-09-04,Onion,Vijayawada,1791,61,9.04,25.48,64.36
2023-09-04,Onion,Tirupati,1663,83,9.04,25.48,64.36
2023-09-04,Onion,Anantapur,1750,59,9.04,25.48,64.36
2023-09-05,Onion,Anantapur,1570,98,10.59,25.25,89.98
2023-09-05,Onion,Guntur,1505,109,10.59,25.25,89.98
2023-09-05,Onion,Vijayawada,1686,43,10.59,25.25,89.98
2023-09-05,Onion,Tirupati,1617,89,10.59,25.25,89.98
2023-09-06,Onion,Anantapur,1643,106,6.5,25.25,84.27
2023-09-06,Onion,Tirupati,1775,31,6.5,25.25,84.27
2023-09-06,Onion,Guntur,1769,93,6.5,25.25,84.27
2023-09-06,Onion,Vijayawada,1744,43,6.5,25.25,84.27
2023-09-07,Onion,Tirupati,1694,74,6.58,26.45,78.28
2023-09-07,Onion,Guntur,1641,101,6.58,26.45,78.28
2023-09-07,Onion,Vijayawada,1646,84,6.58,26.45,78.28
2023-09-07,Onion,Anantapur,1547,59,6.58,26.45,78.28
2023-09-08,Onion,Tirupati,1684,75,4.21,22.8,93.53
2023-09-08,Onion,Anantapur,1730,102,4.21,22.8,93.53
2023-09-08,Onion,Vijayawada,1642,68,4.21,22.8,93.53
2023-09-08,Onion,Guntur,1516,65,4.21,22.8,93.53
2023-09-09,Onion,Guntur,1408,58,4.8,27.95,75.24
2023-09-09,Onion,Vijayawada,1747,41,4.8,27.95,75.24
2023-09-09,Onion,Tirupati,1730,110,4.8,27.95,75.24
2023-09-09,Onion,Anantapur,1775,71,4.8,27.95,75.24
2023-09-10,Onion,Anantapur,1750,70,13.65,32.21,76.77
2023-09-10,Onion,Guntur,1549,119,13.65,32.21,76.77
2023-09-10,Onion,Vijayawada,1553,38,13.65,32.21,76.77
2023-09-10,Onion,Tirupati,1605,69,13.65,32.21,76.77
2023-09-11,Onion,Anantapur,1489,114,2.12,22.14,80.01
2023-09-11,Onion,Tirupati,1408,63,2.12,22.14,80.01
2023-09-11,Onion,Guntur,1445,98,2.12,22.14,80.01
2023-09-11,Onion,Vijayawada,1548,52,2.12,22.14,80.01
2023-09-12,Onion,Anantapur,1687,44,0.4,28.34,62.46
2023-09-12,Onion,Guntur,1719,36,0.4,28.34,62.46
2023-09-12,Onion,Vijayawada,1539,80,0.4,28.34,62.46
2023-09-12,Onion,Tirupati,1685,23,0.4,28.34,62.46
2023-09-13,Onion,Tirupati,1714,38,5.64,32.25,79.78
2023-09-13,Onion,Anantapur,1778,31,5.64,32.25,79.78
2023-09-13,Onion,Guntur,1517,28,5.64,32.25,79.78
2023-09-13,Onion,Vijayawada,1783,111,5.64,32.25,79.78
2023-09-14,Onion,Anantapur,1765,53,2.25,34.94,69.6
2023-09-14,Onion,Tirupati,1727,93,2.25,34.94,69.6
2023-09-14,Onion,Guntur,1574,74,2.25,34.94,69.6
2023-09-14,Onion,Vijayawada,1549,67,2.25,34.94,69.6
2023-09-15,Onion,Guntur,1772,84,1.88,29.87,78.33
2023-09-15,Onion,Vijayawada,1646,79,1.88,29.87,78.33
2023-09-15,Onion,Tirupati,1729,61,1.88,29.87,78.33
2023-09-15,Onion,Anantapur,1548,60,1.88,29.87,78.33
2023-09-16,Onion,Anantapur,1769,72,6.31,26.23,63.18
2023-09-16,Onion,Guntur,1446,83,6.31,26.23,63.18
2023-09-16,Onion,Vijayawada,1420,53,6.31,26.23,63.18
2023-09-16,Onion,Tirupati,1617,22,6.31,26.23,63.18
2023-09-17,Onion,Guntur,1457,75,4.71,31.09,84.27
2023-09-17,Onion,Vijayawada,1777,48,4.71,31.09,84.27
2023-09-17,Onion,Tirupati,1412,67,4.71,31.09,84.27
2023-09-17,Onion,Anantapur,1550,41,4.71,31.09,84.27
2023-09-18,Onion,Vijayawada,1737,81,14.93,28.03,61.62
2023-09-18,Onion,Tirupati,1647,20,14.93,28.03,61.62
2023-09-18,Onion,Guntur,1741,83,14.93,28.03,61.62
2023-09-18,Onion,Anantapur,1754,113,14.93,28.03,61.62
2023-09-19,Onion,Anantapur,1433,107,5.29,32.87,92.5
2023-09-19,Onion,Tirupati,1757,92,5.29,32.87,92.5
2023-09-19,Onion,Vijayawada,1411,65,5.29,32.87,92.5
2023-09-19,Onion,Guntur,1417,78,5.29,32.87,92.5
2023-09-20,Onion,Guntur,1525,54,2.96,26.28,87.78
2023-09-20,Onion,Vijayawada,1491,20,2.96,26.28,87.78
2023-09-20,Onion,Tirupati,1529,54,2.96,26.28,87.78
2023-09-20,Onion,Anantapur,1505,92,2.96,26.28,87.78
2023-09-21,Onion,Tirupati,1563,112,15.05,27.76,69.29
2023-09-21,Onion,Anantapur,1489,88,15.05,27.76,69.29
2023-09-21,Onion,Guntur,1432,71,15.05,27.76,69.29
2023-09-21,Onion,Vijayawada,1591,22,15.05,27.76,69.29
2023-09-22,Onion,Guntur,1633,110,0.45,32.14,85.91
2023-09-22,Onion,Vijayawada,1726,76,0.45,32.14,85.91
2023-09-22,Onion,Tirupati,1577,46,0.45,32.14,85.91
2023-09-22,Onion,Anantapur,1792,118,0.45,32.14,85.91
2023-09-23,Onion,Anantapur,1422,22,2.99,28.98,87.7
2023-09-23,Onion,Guntur,1635,68,2.99,28.98,87.7
2023-09-23,Onion,Vijayawada,1692,113,2.99,28.98,87.7
2023-09-23,Onion,Tirupati,1638,90,2.99,28.98,87.7
2023-09-24,Onion,Tirupati,1750,56,10.74,31.78,60.58
2023-09-24,Onion,Anantapur,1771,112,10.74,31.78,60.58
2023-09-24,Onion,Guntur,1504,50,10.74,31.78,60.58
2023-09-24,Onion,Vijayawada,1532,80,10.74,31.78,60.58
2023-09-25,Onion,Guntur,1435,86,0.17,22.41,75.14
2023-09-25,Onion,Vijayawada,1531,31,0.17,22.41,75.14
2023-09-25,Onion,Tirupati,1662,81,0.17,22.41,75.14
2023-09-25,Onion,Anantapur,1635,81,0.17,22.41,75.14
2023-09-26,Onion,Guntur,1467,100,13.71,20.9,64.53
2023-09-26,Onion,Vijayawada,1402,31,13.71,20.9,64.53
2023-09-26,Onion,Tirupati,1769,61,13.71,20.9,64.53
2023-09-26,Onion,Anantapur,1460,82,13.71,20.9,64.53
2023-09-27,Onion,Anantapur,1775,91,8.73,32.55,89.37
2023-09-27,Onion,Tirupati,1795,26,8.73,32.55,89.37
2023-09-27,Onion,Vijayawada,1547,82,8.73,32.55,89.37
2023-09-27,Onion,Guntur,1526,66,8.73,32.55,89.37
2023-09-28,Onion,Guntur,1525,81,1.32,32.9,80.64
2023-09-28,Onion,Vijayawada,1706,119,1.32,32.9,80.64
2023-09-28,Onion,Tirupati,1497,70,1.32,32.9,80.64
2023-09-28,Onion,Anantapur,1488,27,1.32,32.9,80.64
2023-09-29,Onion,Anantapur,1780,26,9.36,30.57,77.53
2023-09-29,Onion,Guntur,1466,89,9.36,30.57,77.53
2023-09-29,Onion,Vijayawada,1488,81,9.36,30.57,77.53
2023-09-29,Onion,Tirupati,1724,58,9.36,30.57,77.53
2023-09-30,Onion,Tirupati,1717,98,19.95,33.83,85.04
2023-09-30,Onion,Anantapur,1492,51,19.95,33.83,85.04
2023-09-30,Onion,Guntur,1751,50,19.95,33.83,85.04
2023-09-30,Onion,Vijayawada,1414,68,19.95,33.83,85.04
2023-10-01,Onion,Tirupati,1431,110,10.13,30.93,61.54
2023-10-01,Onion,Anantapur,1497,61,10.13,30.93,61.54
2023-10-01,Onion,Guntur,1577,53,10.13,30.93,61.54
2023-10-01,Onion,Vijayawada,1463,32,10.13,30.93,61.54
2023-10-02,Onion,Guntur,1436,33,8.52,34.74,84.01
2023-10-02,Onion,Vijayawada,1591,108,8.52,34.74,84.01
2023-10-02,Onion,Tirupati,1413,102,8.52,34.74,84.01
2023-10-02,Onion,Anantapur,1430,46,8.52,34.74,84.01
2023-10-03,Onion,Guntur,1771,45,6.59,28.87,71.7
2023-10-03,Onion,Vijayawada,1404,25,6.59,28.87,71.7
2023-10-03,Onion,Tirupati,1529,102,6.59,28.87,71.7
2023-10-03,Onion,Anantapur,1410,99,6.59,28.87,71.7
2023-10-04,Onion,Anantapur,1587,24,1.21,21.26,67.1
2023-10-04,Onion,Tirupati,1798,62,1.21,21.26,67.1
2023-10-04,Onion,Guntur,1510,76,1.21,21.26,67.1
2023-10-04,Onion,Vijayawada,1438,70,1.21,21.26,67.1
2023-10-05,Onion,Guntur,1639,73,13.48,30.48,91.31
2023-10-05,Onion,Vijayawada,1525,30,13.48,30.48,91.31
2023-10-05,Onion,Tirupati,1622,100,13.48,30.48,91.31
2023-10-05,Onion,Anantapur,1551,94,13.48,30.48,91.31
2023-10-06,Onion,Guntur,1730,37,6.57,27.55,62.51
2023-10-06,Onion,Vijayawada,1561,109,6.57,27.55,62.51
2023-10-06,Onion,Tirupati,1684,32,6.57,27.55,62.51
2023-10-06,Onion,Anantapur,1546,117,6.57,27.55,62.51
2023-10-07,Onion,Anantapur,1750,77,13.01,27.22,63.96
2023-10-07,Onion,Tirupati,1423,44,13.01,27.22,63.96
2023-10-07,Onion,Guntur,1647,119,13.01,27.22,63.96
2023-10-07,Onion,Vijayawada,1540,25,13.01,27.22,63.96
2023-10-08,Onion,Guntur,1759,93,15.71,22.03,92.08
2023-10-08,Onion,Vijayawada,1424,111,15.71,22.03,92.08
2023-10-08,Onion,Tirupati,1408,102,15.71,22.03,92.08
2023-10-08,Onion,Anantapur,1646,25,15.71,22.03,92.08
2023-10-09,Onion,Anantapur,1720,20,11.56,30.96,61.13
2023-10-09,Onion,Guntur,1516,111,11.56,30.96,61.13
2023-10-09,Onion,Vijayawada,1659,60,11.56,30.96,61.13
2023-10-09,Onion,Tirupati,1481,112,11.56,30.96,61.13
2023-10-10,Onion,Guntur,1473,55,16.36,21.89,88.82
2023-10-10,Onion,Vijayawada,1559,50,16.36,21.89,88.82
2023-10-10,Onion,Tirupati,1519,34,16.36,21.89,88.82
2023-10-10,Onion,Anantapur,1454,68,16.36,21.89,88.82
2023-10-11,Onion,Tirupati,1403,39,9.82,31.48,60.32
2023-10-11,Onion,Anantapur,1688,91,9.82,31.48,60.32
2023-10-11,Onion,Guntur,1569,53,9.82,31.48,60.32
2023-10-11,Onion,Vijayawada,1735,20,9.82,31.48,60.32
2023-10-12,Onion,Tirupati,1714,114,10.44,32.78,89.41
2023-10-12,Onion,Anantapur,1748,57,10.44,32.78,89.41
2023-10-12,Onion,Guntur,1666,90,10.44,32.78,89.41
2023-10-12,Onion,Vijayawada,1529,79,10.44,32.78,89.41
2023-10-13,Onion,Anantapur,1663,24,16.01,25.39,69.26
2023-10-13,Onion,Tirupati,1605,105,16.01,25.39,69.26
2023-10-13,Onion,Guntur,1765,80,16.01,25.39,69.26
2023-10-13,Onion,Vijayawada,1573,117,16.01,25.39,69.26
2023-10-14,Onion,Guntur,1791,74,12.95,24.9,82.65
2023-10-14,Onion,Vijayawada,1555,94,12.95,24.9,82.65
2023-10-14,Onion,Tirupati,1656,85,12.95,24.9,82.65
2023-10-14,Onion,Anantapur,1652,94,12.95,24.9,82.65
2023-10-15,Onion,Guntur,1734,92,12.28,28.22,92.22
2023-10-15,Onion,Vijayawada,1614,68,12.28,28.22,92.22
2023-10-15,Onion,Tirupati,1753,91,12.28,28.22,92.22
2023-10-15,Onion,Anantapur,1499,94,12.28,28.22,92.22
2023-10-16,Onion,Tirupati,1433,54,18.47,34.47,62.11
2023-10-16,Onion,Anantapur,1786,27,18.47,34.47,62.11
2023-10-16,Onion,Guntur,1520,63,18.47,34.47,62.11
2023-10-16,Onion,Vijayawada,1761,75,18.47,34.47,62.11
2023-10-17,Onion,Guntur,1556,64,14.85,21.06,93.97
2023-10-17,Onion,Vijayawada,1786,64,14.85,21.06,93.97
2023-10-17,Onion,Tirupati,1779,59,14.85,21.06,93.97
2023-10-17,Onion,Anantapur,1469,77,14.85,21.06,93.97
2023-10-18,Onion,Anantapur,1731,100,6.76,32.52,72.01
2023-10-18,Onion,Tirupati,1461,66,6.76,32.52,72.01
2023-10-18,Onion,Vijayawada,1494,118,6.76,32.52,72.01
2023-10-18,Onion,Guntur,1524,58,6.76,32.52,72.01
2023-10-19,Onion,Anantapur,1746,63,1.37,23.92,79.33
2023-10-19,Onion,Tirupati,1699,21,1.37,23.92,79.33
2023-10-19,Onion,Guntur,1765,48,1.37,23.92,79.33
2023-10-19,Onion,Vijayawada,1510,103,1.37,23.92,79.33
2023-10-20,Onion,Guntur,1456,34,1.43,23.34,86.96
2023-10-20,Onion,Vijayawada,1481,106,1.43,23.34,86.96
2023-10-20,Onion,Tirupati,1500,68,1.43,23.34,86.96
2023-10-20,Onion,Anantapur,1663,115,1.43,23.34,86.96
2023-10-21,Onion,Anantapur,1421,102,15.28,32.6,87.59
2023-10-21,Onion,Guntur,1402,65,15.28,32.6,87.59
2023-10-21,Onion,Vijayawada,1628,75,15.28,32.6,87.59
2023-10-21,Onion,Tirupati,1539,46,15.28,32.6,87.59
2023-10-22,Onion,Anantapur,1475,69,4.56,23.44,61.68
2023-10-22,Onion,Tirupati,1535,62,4.56,23.44,61.68
2023-10-22,Onion,Guntur,1619,116,4.56,23.44,61.68
2023-10-22,Onion,Vijayawada,1573,108,4.56,23.44,61.68
2023-10-23,Onion,Tirupati,1762,33,8.0,21.41,83.98
2023-10-23,Onion,Guntur,1572,65,8.0,21.41,83.98
2023-10-23,Onion,Vijayawada,1678,96,8.0,21.41,83.98
2023-10-23,Onion,Anantapur,1453,24,8.0,21.41,83.98
2023-10-24,Onion,Tirupati,1433,97,16.54,20.93,69.52
2023-10-24,Onion,Anantapur,1783,83,16.54,20.93,69.52
2023-10-24,Onion,Vijayawada,1618,114,16.54,20.93,69.52
2023-10-24,Onion,Guntur,1523,99,16.54,20.93,69.52
2023-10-25,Onion,Guntur,1501,70,9.02,30.71,77.38
2023-10-25,Onion,Vijayawada,1744,114,9.02,30.71,77.38
2023-10-25,Onion,Tirupati,1713,105,9.02,30.71,77.38
2023-10-25,Onion,Anantapur,1756,74,9.02,30.71,77.38
2023-10-26,Onion,Guntur,1434,60,14.45,26.16,75.66
2023-10-26,Onion,Vijayawada,1422,22,14.45,26.16,75.66
2023-10-26,Onion,Tirupati,1697,100,14.45,26.16,75.66
2023-10-26,Onion,Anantapur,1792,64,14.45,26.16,75.66
2023-10-27,Onion,Anantapur,1753,70,10.38,31.84,61.17
2023-10-27,Onion,Tirupati,1675,66,10.38,31.84,61.17
2023-10-27,Onion,Vijayawada,1460,30,10.38,31.84,61.17
2023-10-27,Onion,Guntur,1486,46,10.38,31.84,61.17
2023-10-28,Onion,Guntur,1419,57,9.72,30.43,65.34
2023-10-28,Onion,Vijayawada,1687,102,9.72,30.43,65.34
2023-10-28,Onion,Tirupati,1743,96,9.72,30.43,65.34
2023-10-28,Onion,Anantapur,1460,91,9.72,30.43,65.34
2023-10-29,Onion,Guntur,1587,87,1.85,34.33,74.52
2023-10-29,Onion,Vijayawada,1719,117,1.85,34.33,74.52
2023-10-29,Onion,Tirupati,1689,105,1.85,34.33,74.52
2023-10-29,Onion,Anantapur,1682,40,1.85,34.33,74.52
2023-10-30,Onion,Anantapur,1428,70,1.73,29.8,71.4
2023-10-30,Onion,Tirupati,1563,91,1.73,29.8,71.4
2023-10-30,Onion,Guntur,1626,20,1.73,29.8,71.4
2023-10-30,Onion,Vijayawada,1796,101,1.73,29.8,71.4
2023-10-31,Onion,Guntur,1434,67,13.97,33.19,72.74
2023-10-31,Onion,Vijayawada,1672,65,13.97,33.19,72.74
2023-10-31,Onion,Tirupati,1530,93,13.97,33.19,72.74
2023-10-31,Onion,Anantapur,1603,65,13.97,33.19,72.74
2023-11-01,Onion,Tirupati,1459,90,19.7,28.88,69.71
2023-11-01,Onion,Anantapur,1634,96,19.7,28.88,69.71
2023-11-01,Onion,Guntur,1757,112,19.7,28.88,69.71
2023-11-01,Onion,Vijayawada,1433,41,19.7,28.88,69.71
2023-11-02,Onion,Guntur,1441,107,17.08,21.84,82.48
2023-11-02,Onion,Vijayawada,1621,31,17.08,21.84,82.48
2023-11-02,Onion,Tirupati,1463,89,17.08,21.84,82.48
2023-11-02,Onion,Anantapur,1607,93,17.08,21.84,82.48
2023-11-03,Onion,Anantapur,1491,20,0.85,29.14,88.93
2023-11-03,Onion,Guntur,1409,58,0.85,29.14,88.93
2023-11-03,Onion,Vijayawada,1633,59,0.85,29.14,88.93
2023-11-03,Onion,Tirupati,1750,81,0.85,29.14,88.93
2023-11-04,Onion,Tirupati,1666,37,15.67,33.43,82.36
2023-11-04,Onion,Anantapur,1714,34,15.67,33.43,82.36
2023-11-04,Onion,Guntur,1456,51,15.67,33.43,82.36
2023-11-04,Onion,Vijayawada,1417,33,15.67,33.43,82.36
2023-11-05,Onion,Anantapur,1780,46,2.65,29.98,71.43
2023-11-05,Onion,Tirupati,1404,29,2.65,29.98,71.43
2023-11-05,Onion,Guntur,1530,73,2.65,29.98,71.43
2023-11-05,Onion,Vijayawada,1646,20,2.65,29.98,71.43
2023-11-06,Onion,Guntur,1798,109,18.85,25.45,74.63
2023-11-06,Onion,Vijayawada,1447,97,18.85,25.45,74.63
2023-11-06,Onion,Tirupati,1617,64,18.85,25.45,74.63
2023-11-06,Onion,Anantapur,1726,45,18.85,25.45,74.63
2023-11-07,Onion,Anantapur,1402,21,2.9,21.05,67.5
2023-11-07,Onion,Guntur,1518,60,2.9,21.05,67.5
2023-11-07,Onion,Vijayawada,1483,104,2.9,21.05,67.5
2023-11-07,Onion,Tirupati,1781,97,2.9,21.05,67.5
2023-11-08,Onion,Anantapur,1665,37,13.93,27.82,76.37
2023-11-08,Onion,Tirupati,1671,85,13.93,27.82,76.37
2023-11-08,Onion,Guntur,1550,115,13.93,27.82,76.37
2023-11-08,Onion,Vijayawada,1519,89,13.93,27.82,76.37
2023-11-09,Onion,Tirupati,1539,97,12.49,22.69,79.1
2023-11-09,Onion,Guntur,1527,66,12.49,22.69,79.1
2023-11-09,Onion,Vijayawada,1463,94,12.49,22.69,79.1
2023-11-09,Onion,Anantapur,1780,48,12.49,22.69,79.1
2023-11-10,Onion,Anantapur,1611,53,13.7,29.89,64.96
2023-11-10,Onion,Tirupati,1718,94,13.7,29.89,64.96
2023-11-10,Onion,Vijayawada,1715,95,13.7,29.89,64.96
2023-11-10,Onion,Guntur,1453,94,13.7,29.89,64.96
2023-11-11,Onion,Guntur,1621,74,19.01,34.79,84.94
2023-11-11,Onion,Vijayawada,1421,72,19.01,34.79,84.94
2023-11-11,Onion,Tirupati,1760,118,19.01,34.79,84.94
2023-11-11,Onion,Anantapur,1656,64,19.01,34.79,84.94
2023-11-12,Onion,Tirupati,1768,34,0.77,25.17,70.51
2023-11-12,Onion,Anantapur,1468,39,0.77,25.17,70.51
2023-11-12,Onion,Guntur,1590,69,0.77,25.17,70.51
2023-11-12,Onion,Vijayawada,1782,78,0.77,25.17,70.51
2023-11-13,Onion,Guntur,1496,59,12.77,24.42,66.62
2023-11-13,Onion,Vijayawada,1563,25,12.77,24.42,66.62
2023-11-13,Onion,Tirupati,1563,91,12.77,24.42,66.62
2023-11-13,Onion,Anantapur,1599,40,12.77,24.42,66.62
2023-11-14,Onion,Anantapur,1753,92,4.13,24.34,67.43
2023-11-14,Onion,Guntur,1494,35,4.13,24.34,67.43
2023-11-14,Onion,Vijayawada,1765,27,4.13,24.34,67.43
2023-11-14,Onion,Tirupati,1712,97,4.13,24.34,67.43
2023-11-15,Onion,Vijayawada,1640,75,12.26,21.22,88.55
2023-11-15,Onion,Tirupati,1629,39,12.26,21.22,88.55
2023-11-15,Onion,Guntur,1735,45,12.26,21.22,88.55
2023-11-15,Onion,Anantapur,1511,96,12.26,21.22,88.55
2023-11-16,Onion,Anantapur,1666,77,7.94,20.4,61.91
2023-11-16,Onion,Tirupati,1685,33,7.94,20.4,61.91
2023-11-16,Onion,Guntur,1628,63,7.94,20.4,61.91
2023-11-16,Onion,Vijayawada,1624,98,7.94,20.4,61.91
2023-11-17,Onion,Guntur,1748,39,14.49,33.91,87.12
2023-11-17,Onion,Vijayawada,1779,60,14.49,33.91,87.12
2023-11-17,Onion,Tirupati,1741,37,14.49,33.91,87.12
2023-11-17,Onion,Anantapur,1515,79,14.49,33.91,87.12
2023-11-18,Onion,Guntur,1428,100,7.08,32.82,89.41
2023-11-18,Onion,Vijayawada,1745,26,7.08,32.82,89.41
2023-11-18,Onion,Tirupati,1485,78,7.08,32.82,89.41
2023-11-18,Onion,Anantapur,1454,74,7.08,32.82,89.41
2023-11-19,Onion,Anantapur,1514,79,17.85,32.5,80.44
2023-11-19,Onion,Tirupati,1688,30,17.85,32.5,80.44
2023-11-19,Onion,Vijayawada,1679,41,17.85,32.5,80.44
2023-11-19,Onion,Guntur,1418,60,17.85,32.5,80.44
2023-11-20,Onion,Guntur,1629,37,13.16,34.68,73.6
2023-11-20,Onion,Vijayawada,1619,57,13.16,34.68,73.6
2023-11-20,Onion,Tirupati,1723,75,13.16,34.68,73.6
2023-11-20,Onion,Anantapur,1606,100,13.16,34.68,73.6
2023-11-21,Onion,Guntur,1499,68,15.19,21.67,63.86
2023-11-21,Onion,Vijayawada,1465,84,15.19,21.67,63.86
2023-11-21,Onion,Tirupati,1695,22,15.19,21.67,63.86
2023-11-21,Onion,Anantapur,1585,97,15.19,21.67,63.86
2023-11-22,Onion,Anantapur,1562,91,17.98,32.14,83.25
2023-11-22,Onion,Tirupati,1557,99,17.98,32.14,83.25
2023-11-22,Onion,Guntur,1509,73,17.98,32.14,83.25
2023-11-22,Onion,Vijayawada,1694,79,17.98,32.14,83.25
2023-11-23,Onion,Guntur,1732,70,19.28,22.57,82.41
2023-11-23,Onion,Vijayawada,1772,38,19.28,22.57,82.41
2023-11-23,Onion,Tirupati,1732,67,19.28,22.57,82.41
2023-11-23,Onion,Anantapur,1698,43,19.28,22.57,82.41
2023-11-24,Onion,Guntur,1660,64,11.9,20.73,77.74
2023-11-24,Onion,Vijayawada,1413,92,11.9,20.73,77.74
2023-11-24,Onion,Tirupati,1588,86,11.9,20.73,77.74
2023-11-24,Onion,Anantapur,1753,115,11.9,20.73,77.74
2023-11-25,Onion,Vijayawada,1707,107,3.96,27.95,92.82
2023-11-25,Onion,Anantapur,1689,84,3.96,27.95,92.82
2023-11-25,Onion,Guntur,1797,76,3.96,27.95,92.82
2023-11-25,Onion,Tirupati,1761,94,3.96,27.95,92.82
2023-11-26,Onion,Guntur,1592,46,4.18,29.15,88.04
2023-11-26,Onion,Vijayawada,1785,115,4.18,29.15,88.04
2023-11-26,Onion,Tirupati,1592,115,4.18,29.15,88.04
2023-11-26,Onion,Anantapur,1496,77,4.18,29.15,88.04
2023-11-27,Onion,Tirupati,1712,24,0.65,34.2,80.46
2023-11-27,Onion,Guntur,1439,100,0.65,34.2,80.46
2023-11-27,Onion,Vijayawada,1589,78,0.65,34.2,80.46
2023-11-27,Onion,Anantapur,1732,42,0.65,34.2,80.46
2023-11-28,Onion,Anantapur,1736,48,1.03,20.6,60.79
2023-11-28,Onion,Tirupati,1482,65,1.03,20.6,60.79
2023-11-28,Onion,Guntur,1421,27,1.03,20.6,60.79
2023-11-28,Onion,Vijayawada,1759,31,1.03,20.6,60.79
2023-11-29,Onion,Guntur,1636,49,16.09,25.09,86.71
2023-11-29,Onion,Vijayawada,1627,91,16.09,25.09,86.71
2023-11-29,Onion,Tirupati,1520,66,16.09,25.09,86.71
2023-11-29,Onion,Anantapur,1467,79,16.09,25.09,86.71
2023-11-30,Onion,Guntur,1531,115,5.65,23.13,87.26
2023-11-30,Onion,Vijayawada,1587,32,5.65,23.13,87.26
2023-11-30,Onion,Tirupati,1463,38,5.65,23.13,87.26
2023-11-30,Onion,Anantapur,1745,34,5.65,23.13,87.26
2023-12-01,Onion,Tirupati,1720,28,12.35,29.74,78.85
2023-12-01,Onion,Anantapur,1571,34,12.35,29.74,78.85
2023-12-01,Onion,Guntur,1621,24,12.35,29.74,78.85
2023-12-01,Onion,Vijayawada,1649,83,12.35,29.74,78.85
2023-12-02,Onion,Guntur,1468,63,9.79,21.66,79.08
2023-12-02,Onion,Vijayawada,1450,35,9.79,21.66,79.08
2023-12-02,Onion,Tirupati,1618,97,9.79,21.66,79.08
2023-12-02,Onion,Anantapur,1753,60,9.79,21.66,79.08
2023-12-03,Onion,Anantapur,1731,113,12.1,24.86,63.63
2023-12-03,Onion,Tirupati,1519,26,12.1,24.86,63.63
2023-12-03,Onion,Vijayawada,1465,90,12.1,24.86,63.63
2023-12-03,Onion,Guntur,1603,42,12.1,24.86,63.63
2023-12-04,Onion,Anantapur,1400,95,0.25,20.78,75.1
2023-12-04,Onion,Tirupati,1576,26,0.25,20.78,75.1
2023-12-04,Onion,Guntur,1626,37,0.25,20.78,75.1
2023-12-04,Onion,Vijayawada,1625,98,0.25,20.78,75.1
2023-12-05,Onion,Guntur,1719,97,4.88,22.11,91.92
2023-12-05,Onion,Vijayawada,1646,84,4.88,22.11,91.92
2023-12-05,Onion,Tirupati,1474,79,4.88,22.11,91.92
2023-12-05,Onion,Anantapur,1436,95,4.88,22.11,91.92
2023-12-06,Onion,Guntur,1601,115,19.71,31.88,66.26
2023-12-06,Onion,Vijayawada,1412,100,19.71,31.88,66.26
2023-12-06,Onion,Tirupati,1456,24,19.71,31.88,66.26
2023-12-06,Onion,Anantapur,1790,74,19.71,31.88,66.26
2023-12-07,Onion,Anantapur,1776,69,5.21,26.77,62.57
2023-12-07,Onion,Guntur,1788,110,5.21,26.77,62.57
2023-12-07,Onion,Vijayawada,1449,25,5.21,26.77,62.57
2023-12-07,Onion,Tirupati,1571,68,5.21,26.77,62.57
2023-12-08,Onion,Tirupati,1524,80,15.01,26.44,62.96
2023-12-08,Onion,Anantapur,1604,38,15.01,26.44,62.96
2023-12-08,Onion,Guntur,1763,66,15.01,26.44,62.96
2023-12-08,Onion,Vijayawada,1580,107,15.01,26.44,62.96
2023-12-09,Onion,Anantapur,1624,62,12.08,29.64,71.02
2023-12-09,Onion,Tirupati,1779,27,12.08,29.64,71.02
2023-12-09,Onion,Vijayawada,1668,78,12.08,29.64,71.02
2023-12-09,Onion,Guntur,1739,79,12.08,29.64,71.02
2023-12-10,Onion,Guntur,1489,41,10.04,24.74,65.45
2023-12-10,Onion,Vijayawada,1614,35,10.04,24.74,65.45
2023-12-10,Onion,Tirupati,1700,79,10.04,24.74,65.45
2023-12-10,Onion,Anantapur,1583,57,10.04,24.74,65.45
2023-12-11,Onion,Guntur,1723,24,7.11,24.6,94.35
2023-12-11,Onion,Vijayawada,1772,81,7.11,24.6,94.35
2023-12-11,Onion,Tirupati,1560,66,7.11,24.6,94.35
2023-12-11,Onion,Anantapur,1571,79,7.11,24.6,94.35
2023-12-12,Onion,Anantapur,1706,99,1.28,21.77,88.51
2023-12-12,Onion,Tirupati,1775,81,1.28,21.77,88.51
2023-12-12,Onion,Guntur,1528,113,1.28,21.77,88.51
2023-12-12,Onion,Vijayawada,1435,25,1.28,21.77,88.51
2023-12-13,Onion,Guntur,1704,113,9.46,27.37,78.56
2023-12-13,Onion,Vijayawada,1602,50,9.46,27.37,78.56
2023-12-13,Onion,Tirupati,1705,110,9.46,27.37,78.56
2023-12-13,Onion,Anantapur,1678,26,9.46,27.37,78.56
2023-12-14,Onion,Guntur,1770,89,15.12,26.63,82.05
2023-12-14,Onion,Vijayawada,1499,108,15.12,26.63,82.05
2023-12-14,Onion,Tirupati,1764,25,15.12,26.63,82.05
2023-12-14,Onion,Anantapur,1589,47,15.12,26.63,82.05
2023-12-15,Onion,Anantapur,1601,72,8.8,23.86,82.51
2023-12-15,Onion,Tirupati,1503,45,8.8,23.86,82.51
2023-12-15,Onion,Guntur,1607,34,8.8,23.86,82.51
2023-12-15,Onion,Vijayawada,1755,118,8.8,23.86,82.51
2023-12-16,Onion,Guntur,1472,52,10.38,24.09,92.62
2023-12-16,Onion,Vijayawada,1507,58,10.38,24.09,92.62
2023-12-16,Onion,Tirupati,1626,103,10.38,24.09,92.62
2023-12-16,Onion,Anantapur,1760,99,10.38,24.09,92.62
2023-12-17,Onion,Guntur,1457,55,10.61,34.72,87.42
2023-12-17,Onion,Vijayawada,1461,25,10.61,34.72,87.42
2023-12-17,Onion,Tirupati,1446,97,10.61,34.72,87.42
2023-12-17,Onion,Anantapur,1494,97,10.61,34.72,87.42
2023-12-18,Onion,Guntur,1726,47,13.43,30.74,79.88
2023-12-18,Onion,Vijayawada,1606,51,13.43,30.74,79.88
2023-12-18,Onion,Tirupati,1767,112,13.43,30.74,79.88
2023-12-18,Onion,Anantapur,1471,59,13.43,30.74,79.88
2023-12-19,Onion,Tirupati,1606,116,13.84,34.41,77.01
2023-12-19,Onion,Anantapur,1435,113,13.84,34.41,77.01
2023-12-19,Onion,Guntur,1768,61,13.84,34.41,77.01
2023-12-19,Onion,Vijayawada,1607,26,13.84,34.41,77.01
2023-12-20,Onion,Anantapur,1569,60,15.35,34.62,76.05
2023-12-20,Onion,Tirupati,1500,65,15.35,34.62,76.05
2023-12-20,Onion,Vijayawada,1690,96,15.35,34.62,76.05
2023-12-20,Onion,Guntur,1578,80,15.35,34.62,76.05
2023-12-21,Onion,Guntur,1786,94,11.18,34.75,82.21
2023-12-21,Onion,Vijayawada,1701,42,11.18,34.75,82.21
2023-12-21,Onion,Tirupati,1568,59,11.18,34.75,82.21
2023-12-21,Onion,Anantapur,1728,112,11.18,34.75,82.21
2023-12-22,Onion,Guntur,1642,39,0.94,20.08,84.91
2023-12-22,Onion,Vijayawada,1572,106,0.94,20.08,84.91
2023-12-22,Onion,Tirupati,1638,78,0.94,20.08,84.91
2023-12-22,Onion,Anantapur,1432,97,0.94,20.08,84.91
2023-12-23,Onion,Anantapur,1547,21,4.81,20.5,68.79
2023-12-23,Onion,Tirupati,1606,57,4.81,20.5,68.79
2023-12-23,Onion,Guntur,1655,116,4.81,20.5,68.79
2023-12-23,Onion,Vijayawada,1471,57,4.81,20.5,68.79
2023-12-24,Onion,Guntur,1454,30,12.58,32.24,91.53
2023-12-24,Onion,Vijayawada,1793,101,12.58,32.24,91.53
2023-12-24,Onion,Tirupati,1535,59,12.58,32.24,91.53
2023-12-24,Onion,Anantapur,1425,102,12.58,32.24,91.53
2023-12-25,Onion,Tirupati,1630,80,10.34,34.22,61.41
2023-12-25,Onion,Anantapur,1485,23,10.34,34.22,61.41
2023-12-25,Onion,Vijayawada,1613,71,10.34,34.22,61.41
2023-12-25,Onion,Guntur,1705,108,10.34,34.22,61.41
2023-12-26,Onion,Guntur,1799,47,6.02,33.44,81.2
2023-12-26,Onion,Vijayawada,1474,38,6.02,33.44,81.2
2023-12-26,Onion,Tirupati,1751,115,6.02,33.44,81.2
2023-12-26,Onion,Anantapur,1407,78,6.02,33.44,81.2
2023-12-27,Onion,Guntur,1681,94,12.73,25.7,73.98
2023-12-27,Onion,Vijayawada,1648,97,12.73,25.7,73.98
2023-12-27,Onion,Tirupati,1461,80,12.73,25.7,73.98
2023-12-27,Onion,Anantapur,1585,68,12.73,25.7,73.98
2023-12-28,Onion,Anantapur,1418,73,10.67,27.45,74.21
2023-12-28,Onion,Guntur,1492,73,10.67,27.45,74.21
2023-12-28,Onion,Vijayawada,1434,44,10.67,27.45,74.21
2023-12-28,Onion,Tirupati,1770,118,10.67,27.45,74.21
2023-12-29,Onion,Tirupati,1778,37,9.79,29.12,71.18
2023-12-29,Onion,Anantapur,1601,113,9.79,29.12,71.18
2023-12-29,Onion,Guntur,1546,45,9.79,29.12,71.18
2023-12-29,Onion,Vijayawada,1495,80,9.79,29.12,71.18
2023-12-30,Onion,Tirupati,1487,88,9.74,26.34,64.11
2023-12-30,Onion,Anantapur,1474,30,9.74,26.34,64.11
2023-12-30,Onion,Guntur,1485,93,9.74,26.34,64.11
2023-12-30,Onion,Vijayawada,1468,91,9.74,26.34,64.11
2023-12-31,Onion,Vijayawada,1497,63,11.21,32.06,89.02
2023-12-31,Onion,Tirupati,1452,92,11.21,32.06,89.02
2023-12-31,Onion,Guntur,1445,83,11.21,32.06,89.02
2023-12-31,Onion,Anantapur,1619,83,11.21,32.06,89.02
